,Date,EUR.USD.Close,EUR.USD.High,EUR.USD.Low,USD.JPY.Close,USD.JPY.High,USD.JPY.Low,USD.CHF.Close,USD.CHF.High,USD.CHF.Low,GBP.USD.Close,GBP.USD.High,GBP.USD.Low,USD.CAD.Close,USD.CAD.High,USD.CAD.Low,EUR.GBP.Close,EUR.GBP.High,EUR.GBP.Low,EUR.JPY.Close,EUR.JPY.High,EUR.JPY.Low,EUR.CHF.Close,EUR.CHF.High,EUR.CHF.Low,AUD.USD.Close,AUD.USD.High,AUD.USD.Low,GBP.JPY.Close,GBP.JPY.High,GBP.JPY.Low,CHF.JPY.Close,CHF.JPY.High,CHF.JPY.Low,GBP.CHF.Close,GBP.CHF.High,GBP.CHF.Low,NZD.USD.Close,NZD.USD.High,NZD.USD.Low,GBP.AUD.Close,GBP.AUD.High,GBP.AUD.Low,EUR.AUD.Close,EUR.AUD.High,EUR.AUD.Low,market
1,1/1/2016,1.0864,1.0937,1.0852,120.17,120.5,119.99,0.9994,1.002,0.9871,1.4738,1.4845,1.4732,1.3829,1.3903,1.3821,0.7374,0.7384,0.7332,130.65,131.77,130.45,1.0864,1.0879,1.079,0.7293,0.7327,0.7266,177.14,178.71,177.05,120.25,122,119.88,1.4727,1.4801,1.4629,0.6834,0.6867,0.6809,1.6933,1.6963,1.6635,0.6976,0.7047,0.6952,NA
2,1/4/2016,1.08311,1.09463,1.07814,119.411,120.463,118.707,1.00242,1.00625,0.99245,1.47156,1.48159,1.46639,1.3948,1.39831,1.3818,0.73598,0.74238,0.7346,129.337,130.76,128.68,1.08574,1.09008,1.08368,0.7183,0.73004,0.71562,175.69,177.42,174.973,119.103,120.39,118.57,1.4748,1.47939,1.46369,0.6745,0.68351,0.67199,1.6689,1.6789,1.6534,0.7027,0.7067,0.7016,4903.089844
3,1/5/2016,1.0744,1.08387,1.0711,119.045,119.701,118.795,1.0087,1.01242,1.00077,1.46664,1.47251,1.46387,1.3992,1.4019,1.38985,0.73248,0.7381,0.73129,127.899,129.48,127.524,1.0838,1.08782,1.08358,0.7159,0.72144,0.71328,174.57,176.164,174.101,117.986,119.438,117.59,1.4794,1.48353,1.47312,0.67008,0.67576,0.66772,1.6593,1.6801,1.6542,0.7049,0.7077,0.698,4891.430176
4,1/6/2016,1.0786,1.07992,1.07156,118.48,119.165,118.255,1.0067,1.01213,1.00579,1.46243,1.4682,1.46027,1.40963,1.41085,1.39736,0.7374,0.7379,0.7318,127.785,128.2,127.026,1.086,1.087,1.08278,0.7055,0.71713,0.70488,173.28,174.921,173.118,117.63,118.21,117.13,1.47247,1.4809,1.47188,0.66307,0.67081,0.66263,1.6759,1.6859,1.6651,0.7032,0.7067,0.6996,4835.759766
5,1/7/2016,1.09258,1.09401,1.07715,117.6,118.754,117.332,0.9934,1.00798,0.99231,1.46158,1.46403,1.4533,1.4087,1.41694,1.4051,0.7475,0.74832,0.735,128.511,128.559,126.79,1.08538,1.08845,1.08425,0.70068,0.7086,0.69808,171.88,173.754,170.77,118.38,118.44,116.8,1.45197,1.47443,1.45059,0.663,0.66665,0.65912,1.681,1.6887,1.6769,0.7019,0.703,0.6977,4689.430176
6,1/8/2016,1.09172,1.09331,1.08036,117.519,118.851,117.454,0.99468,1.00521,0.99336,1.4523,1.46455,1.45069,1.4145,1.41638,1.40586,0.7515,0.7523,0.7421,128.291,129.087,128.08,1.086,1.08848,1.0843,0.6976,0.70767,0.69633,170.668,173.371,170.498,118.1,118.917,117.99,1.4447,1.46466,1.44314,0.65506,0.66781,0.6543,1.6843,1.6885,1.6629,0.6996,0.7028,0.6952,4643.629883
7,1/11/2016,1.086,1.09697,1.0848,117.697,118.026,116.696,1.00101,1.0024,0.98815,1.45526,1.46041,1.4495,1.42148,1.42453,1.40652,0.74622,0.7555,0.7442,127.819,128.47,127.315,1.08727,1.08831,1.08392,0.69943,0.70359,0.69281,171.28,172.274,169.37,117.545,118.3,117.116,1.45679,1.45782,1.43539,0.65561,0.6581,0.65094,1.6785,1.6978,1.6746,0.6966,0.6975,0.6913,4637.990234
8,1/12/2016,1.08461,1.09001,1.08199,117.745,118.071,117.231,1.00319,1.00461,0.9967,1.44388,1.45599,1.43527,1.4263,1.43148,1.41769,0.75113,0.75483,0.7452,127.713,128.006,127.46,1.08811,1.08816,1.0843,0.69869,0.70208,0.69404,170.005,171.674,169.177,117.353,117.86,117.19,1.44846,1.45831,1.43846,0.6535,0.65684,0.65157,1.6955,1.6992,1.6721,0.6932,0.6949,0.689,4685.919922
9,1/13/2016,1.0872,1.0884,1.0805,117.84,118.38,117.65,1.0061,1.0108,1.0024,1.4441,1.4476,1.4381,1.4349,1.438,1.4188,0.7528,0.7537,0.7466,128.13,128.54,127.64,1.094,1.0955,1.0871,0.6968,0.7048,0.6952,170.19,171.29,169.82,117.1,117.78,116.88,1.4527,1.4594,1.4467,0.653,0.659,0.6522,1.6823,1.6871,1.6634,0.6931,0.6994,0.6914,4526.060059
10,1/14/2016,1.0857,1.09432,1.0835,118.129,118.28,117.296,1.0058,1.0092,1.001,1.44115,1.44454,1.43607,1.4352,1.43972,1.43347,0.75327,0.761,0.75223,128.24,128.751,127.753,1.0922,1.09817,1.092,0.6989,0.69967,0.69103,170.242,170.515,168.848,117.41,117.62,116.608,1.4496,1.45472,1.43939,0.6478,0.6516,0.64193,1.6763,1.68,1.6557,0.697,0.7014,0.6943,4615
11,1/15/2016,1.0913,1.09845,1.0855,116.92,118.27,116.513,1.0016,1.00603,0.9959,1.4254,1.44276,1.4253,1.45217,1.45537,1.43434,0.76561,0.7695,0.7525,127.613,128.43,127.61,1.0933,1.09611,1.09147,0.6857,0.70017,0.68275,166.66,170.563,166.259,116.71,117.65,116.612,1.42787,1.45053,1.42256,0.6446,0.64912,0.63818,1.6635,1.6679,1.6455,0.6996,0.705,0.6961,4488.419922
12,1/18/2016,1.0889,1.0936,1.0869,117.34,117.44,116.59,1.0051,1.0073,1.0008,1.427,1.4323,1.4249,1.4515,1.4608,1.4487,0.7631,0.7671,0.7596,127.8,127.98,127.36,1.0946,1.0963,1.093,0.6868,0.6928,0.6833,167.46,168.15,166.26,116.72,116.93,116.38,1.4343,1.4419,1.4274,0.6444,0.648,0.6408,1.648,1.6583,1.639,0.705,0.7055,0.6982,NA
13,1/19/2016,1.09134,1.0939,1.08597,117.553,118.112,117.236,1.00274,1.0082,1.00024,1.41743,1.434,1.413,1.4554,1.45754,1.44324,0.76987,0.7713,0.75834,128.29,128.56,127.77,1.09436,1.0965,1.09127,0.69174,0.69573,0.68391,166.628,169.1,166.351,117.218,117.542,116.59,1.42137,1.44432,1.4182,0.64917,0.6513,0.6416,1.6536,1.6756,1.6481,0.7036,0.705,0.6926,4476.950195
14,1/20/2016,1.08801,1.09757,1.08776,117.029,117.682,115.976,1.00562,1.0058,0.99907,1.41688,1.42192,1.4126,1.44801,1.469,1.4475,0.7678,0.77555,0.76145,127.332,128.39,126.63,1.094,1.0979,1.0909,0.69228,0.69251,0.68286,165.817,166.82,163.987,116.367,117.282,115.76,1.42451,1.42523,1.41216,0.64301,0.64376,0.63481,1.6685,1.6761,1.6451,0.6957,0.7002,0.6923,4471.689941
15,1/21/2016,1.0883,1.0921,1.0778,117.5,117.78,116.47,1.0065,1.0146,1.0013,1.4225,1.4229,1.408,1.429,1.454,1.4228,0.765,0.7742,0.7616,127.89,128.08,126.18,1.0955,1.0973,1.0918,0.6997,0.7012,0.6876,167.16,167.41,164.47,116.71,116.87,115.36,1.4317,1.4388,1.4144,0.6508,0.6538,0.6412,1.649,1.6526,1.598,0.6989,0.7109,0.6946,4472.060059
16,1/22/2016,1.0793,1.0876,1.079,118.81,118.84,117.54,1.016,1.0166,1.007,1.4272,1.4363,1.4205,1.4151,1.43,1.4115,0.756,0.7705,0.7526,128.23,128.44,127.43,1.0967,1.0987,1.0923,0.7005,0.7046,0.6987,169.57,170.36,167.1,116.9,117.37,116.26,1.4504,1.4567,1.4314,0.6484,0.6551,0.6467,1.6249,1.6551,1.5896,0.6998,0.7069,0.6711,4591.180176
17,1/25/2016,1.0852,1.08539,1.079,118.33,118.855,118.176,1.013,1.01682,1.01252,1.42486,1.43095,1.4224,1.42681,1.42716,1.41274,0.7617,0.76181,0.75534,128.43,128.546,127.863,1.09965,1.10066,1.09583,0.6954,0.70313,0.69543,168.595,170.009,168.32,116.76,117.185,116.6,1.44354,1.4517,1.44212,0.64631,0.65329,0.64617,1.5946,1.615,1.5882,0.704,0.7063,0.6958,4518.490234
18,1/26/2016,1.08553,1.08742,1.0819,118.42,118.621,117.659,1.0172,1.01987,1.0118,1.4355,1.4367,1.41738,1.40798,1.43254,1.40452,0.7559,0.7664,0.755,128.559,128.635,127.82,1.10446,1.10598,1.0986,0.7011,0.70211,0.69193,170.037,170.273,166.99,116.392,116.9,116.2,1.4605,1.4645,1.43567,0.6504,0.65066,0.64258,1.6044,1.6347,1.6024,0.6999,0.7004,0.6884,4567.669922
19,1/27/2016,1.08969,1.09163,1.08511,118.586,119.069,118.046,1.01464,1.01894,1.01306,1.42398,1.4355,1.42304,1.411,1.41562,1.40279,0.76513,0.7666,0.7564,129.22,129.496,128.252,1.1057,1.1076,1.10303,0.702,0.70814,0.69934,168.862,170.03,168.576,116.857,117.142,116.126,1.44483,1.46016,1.44315,0.6438,0.6531,0.64171,1.6315,1.6388,1.6193,0.6888,0.6935,0.6879,4468.169922
20,1/28/2016,1.09502,1.09675,1.087,118.8,118.992,118.418,1.0131,1.018,1.0099,1.43594,1.44073,1.4232,1.40497,1.41226,1.39485,0.76254,0.76627,0.75947,130.08,130.22,128.94,1.10949,1.11068,1.10465,0.70835,0.71285,0.70084,170.587,171.147,168.691,117.234,117.51,116.57,1.45492,1.4607,1.44477,0.6478,0.65134,0.6419,1.6219,1.629,1.6029,0.6919,0.6939,0.6864,4506.680176
21,1/29/2016,1.0831,1.09485,1.08102,121.092,121.689,118.476,1.02409,1.0256,1.01342,1.4244,1.44128,1.41499,1.4025,1.4109,1.39685,0.7602,0.765,0.7561,131.16,132.302,129.497,1.1092,1.1165,1.1058,0.707,0.71408,0.70591,172.503,174.172,170.103,118.22,119.424,116.855,1.45889,1.46605,1.44834,0.6473,0.6543,0.64592,1.606,1.6114,1.5969,0.6904,0.6928,0.6876,4613.950195
22,2/1/2016,1.08929,1.09127,1.0815,121.11,121.485,120.681,1.01929,1.02495,1.0156,1.44361,1.44447,1.42292,1.39227,1.40619,1.39137,0.75452,0.76231,0.75414,131.93,132.022,131.23,1.1102,1.1116,1.10674,0.7104,0.71061,0.70432,174.85,175.018,172.435,118.8,119.063,118.37,1.4714,1.47258,1.45526,0.65297,0.65297,0.64495,1.5999,1.611,1.5888,0.6922,0.6997,0.6906,4620.370117
23,2/2/2016,1.09177,1.094,1.08857,119.963,121.035,119.842,1.019,1.0226,1.01709,1.4416,1.44458,1.43267,1.40187,1.40818,1.39403,0.75724,0.76163,0.7543,130.971,131.98,130.9,1.1124,1.11591,1.11006,0.7049,0.7129,0.70389,172.951,174.678,172.759,117.7,118.7,117.61,1.4687,1.47556,1.46097,0.6477,0.6554,0.64624,1.609,1.6113,1.5962,0.693,0.6956,0.6891,4516.950195
24,2/3/2016,1.1105,1.11454,1.09039,117.781,120.044,117.057,1.00472,1.01935,0.99886,1.4597,1.46488,1.43846,1.37912,1.41025,1.37786,0.7606,0.7615,0.7526,130.792,131.03,130.052,1.11567,1.11606,1.10993,0.7173,0.71891,0.70033,171.9,173.748,171.072,117.203,117.82,116.85,1.4662,1.47668,1.46169,0.6671,0.66973,0.65078,1.6033,1.6117,1.5977,0.6917,0.6981,0.6898,4504.240234
25,2/4/2016,1.12,1.12392,1.10698,116.758,118.238,116.531,0.99338,1.0074,0.99227,1.4575,1.4668,1.453,1.37417,1.37967,1.36399,0.76845,0.77016,0.7555,130.779,131.657,130.647,1.1128,1.11993,1.11155,0.7196,0.7243,0.71539,170.175,172.47,170.048,117.5,117.93,116.95,1.4477,1.47103,1.44689,0.6726,0.67474,0.66425,1.6023,1.6123,1.5962,0.6966,0.7019,0.6944,4509.560059
26,2/5/2016,1.11452,1.12504,1.11091,116.979,117.428,116.295,0.9921,0.99848,0.9885,1.4497,1.4591,1.44527,1.3894,1.39005,1.37101,0.76866,0.7717,0.7669,130.39,131.04,130.167,1.1058,1.1135,1.10349,0.7069,0.7219,0.7065,169.595,170.539,168.996,117.87,118.04,117.3,1.4383,1.44902,1.4345,0.6626,0.67523,0.66162,1.6008,1.6023,1.578,0.7012,0.708,0.6992,4363.140137
27,2/8/2016,1.12042,1.12158,1.10867,115.511,117.523,115.184,0.98532,0.99728,0.98419,1.4431,1.45467,1.43519,1.3928,1.39781,1.38411,0.77631,0.7767,0.7661,129.418,130.901,128.766,1.1043,1.10951,1.10195,0.7084,0.71284,0.70509,166.67,170.629,165.981,117.17,118.25,116.68,1.4221,1.44485,1.4208,0.6621,0.666,0.6593,1.5939,1.6108,1.5837,0.7023,0.7037,0.6977,4283.75
28,2/9/2016,1.1287,1.13378,1.11626,115.06,115.85,114.211,0.9723,0.98741,0.96952,1.44549,1.45155,1.43787,1.3877,1.39599,1.37872,0.785,0.78508,0.7731,129.876,130.27,128.281,1.09753,1.10562,1.09587,0.7054,0.70958,0.69738,166.328,167.199,164.57,118.32,118.62,116.127,1.40554,1.42563,1.39896,0.6629,0.66689,0.65637,1.6081,1.6111,1.5989,0.6994,0.7023,0.6972,4268.759766
29,2/10/2016,1.1291,1.13113,1.11607,113.338,115.259,113.253,0.9723,0.98193,0.97113,1.45383,1.45781,1.44454,1.39164,1.39986,1.38207,0.7766,0.7819,0.7713,127.998,130.111,127.8,1.09818,1.1001,1.0952,0.71115,0.7126,0.7037,164.74,167.635,164.53,116.548,118.46,116.41,1.4135,1.42068,1.40474,0.66869,0.66913,0.66055,1.6084,1.6125,1.5947,0.6989,0.7032,0.6966,4283.589844
30,2/11/2016,1.1331,1.13764,1.12745,112.292,113.598,110.983,0.97154,0.97614,0.96617,1.44696,1.45634,1.43828,1.39309,1.40164,1.38837,0.78304,0.78974,0.7756,127.237,128.12,125.77,1.10087,1.10424,1.09497,0.7095,0.71535,0.69845,162.45,165.069,159.846,115.55,116.631,114.45,1.40577,1.41615,1.39268,0.67,0.67345,0.65865,1.6064,1.6087,1.587,0.6978,0.7053,0.6927,4266.839844
31,2/12/2016,1.12542,1.13338,1.12143,113.257,113.538,111.663,0.9764,0.97904,0.97161,1.45087,1.45701,1.44435,1.38549,1.39651,1.38138,0.77559,0.78284,0.77428,127.48,127.66,126.38,1.09894,1.10214,1.09658,0.7099,0.71281,0.70639,164.348,164.775,161.698,115.98,116.26,114.8,1.4168,1.42119,1.40666,0.66207,0.67393,0.66157,1.5913,1.6056,1.587,0.7036,0.7049,0.6966,4337.509766
32,2/15/2016,1.11446,1.125,1.11282,114.616,114.729,113.24,0.9878,0.98895,0.97701,1.4435,1.45352,1.44261,1.3828,1.38816,1.37988,0.77194,0.77597,0.7698,127.737,127.957,127.258,1.10091,1.10316,1.0976,0.7137,0.71716,0.71029,165.43,165.754,164.28,116,116.357,115.62,1.4256,1.42995,1.4166,0.6646,0.66763,0.66155,1.6042,1.6083,1.5908,0.6981,0.6999,0.6924,NA
33,2/16/2016,1.11415,1.1193,1.11245,113.89,114.875,113.599,0.98848,0.98959,0.98478,1.4287,1.45156,1.42766,1.388,1.39114,1.37071,0.7797,0.78122,0.7696,126.893,128.18,126.624,1.1015,1.10325,1.10066,0.7099,0.71817,0.70818,162.711,166.083,162.453,115.19,116.298,115.01,1.4122,1.43168,1.40982,0.6567,0.66754,0.65455,1.5971,1.6072,1.5902,0.6935,0.6961,0.6904,4435.959961
34,2/17/2016,1.11437,1.1179,1.11064,113.808,114.503,113.378,0.99132,0.99416,0.98535,1.42928,1.43389,1.42356,1.37168,1.38988,1.36682,0.77957,0.7845,0.7761,126.81,127.393,126.64,1.1045,1.10613,1.10064,0.71835,0.71869,0.70844,162.663,163.879,161.586,114.78,115.61,114.727,1.4166,1.42344,1.40424,0.6643,0.66492,0.65542,1.5993,1.6223,1.595,0.6946,0.6956,0.6834,4534.060059
35,2/18/2016,1.11023,1.11495,1.10712,113.45,114.322,113.443,0.9937,0.99685,0.99051,1.4327,1.43942,1.42577,1.374,1.37483,1.36544,0.7749,0.78164,0.77078,125.957,127.18,125.883,1.10346,1.10544,1.10228,0.7154,0.7184,0.71332,162.52,163.962,162.236,114.12,115.15,114.12,1.4237,1.43108,1.41279,0.6634,0.6668,0.66063,1.619,1.623,1.6084,0.6846,0.6881,0.6813,4487.540039
36,2/19/2016,1.1126,1.11391,1.10668,112.671,113.377,112.309,0.9903,0.99671,0.98887,1.43586,1.44096,1.42474,1.3768,1.38464,1.37184,0.7748,0.77931,0.7734,125.364,125.98,125.02,1.10196,1.10482,1.09989,0.71529,0.71618,0.70693,161.78,162.505,160.744,113.73,114.16,113.31,1.42204,1.42646,1.41222,0.66418,0.6647,0.65656,1.6145,1.627,1.6049,0.6868,0.6883,0.6807,4504.430176
37,2/22/2016,1.10297,1.1127,1.10034,112.86,113.387,112.431,0.9984,1.0004,0.9894,1.41473,1.4306,1.40581,1.3706,1.37928,1.36626,0.7796,0.78434,0.77695,124.47,125.562,124.37,1.1012,1.10245,1.09935,0.72293,0.72466,0.71363,159.665,161.555,159.149,113,113.994,112.919,1.4126,1.41733,1.40308,0.67089,0.67257,0.6623,1.608,1.6345,1.6033,0.682,0.6837,0.6773,4570.609863
38,2/23/2016,1.10169,1.10526,1.09904,112.12,113.051,111.777,0.99194,1.0001,0.98959,1.4016,1.41556,1.40085,1.37648,1.38207,1.36959,0.78589,0.78645,0.77763,123.525,124.64,123.073,1.0928,1.10282,1.09163,0.72148,0.7259,0.72006,157.167,159.913,156.97,113.017,113.28,112.3,1.3902,1.41515,1.38871,0.66596,0.67145,0.66481,1.6254,1.6399,1.6206,0.6829,0.6834,0.6761,4503.580078
39,2/24/2016,1.10092,1.10462,1.09575,111.962,112.263,111.045,0.98857,0.99523,0.9853,1.39334,1.40277,1.38791,1.36842,1.3859,1.36782,0.7901,0.79249,0.7853,123.258,123.62,122.456,1.0882,1.09428,1.08651,0.721,0.72133,0.71461,156.001,157.314,154.734,113.253,113.27,112.37,1.37705,1.3925,1.3726,0.66699,0.66738,0.65866,1.641,1.6652,1.5582,0.6765,0.6826,0.6759,4542.609863
40,2/25/2016,1.1036,1.10496,1.09868,112.78,113.022,111.901,0.9893,0.99519,0.98783,1.39706,1.39967,1.39007,1.3545,1.3735,1.35177,0.7899,0.79285,0.7879,124.49,124.66,123.284,1.0917,1.09481,1.08899,0.7234,0.72432,0.7157,157.585,157.899,155.795,113.97,114.23,113.07,1.3819,1.38853,1.37576,0.6721,0.67301,0.6643,1.663,1.6802,1.6598,0.6802,0.6809,0.6762,4582.200195
41,2/26/2016,1.0938,1.10681,1.0912,113.847,113.991,112.565,0.99599,0.99885,0.9872,1.3863,1.40425,1.38542,1.35138,1.3564,1.35055,0.7889,0.79225,0.78439,124.52,125.02,124.223,1.0896,1.09412,1.0888,0.713,0.72565,0.71186,157.82,158.551,157.216,114.26,114.46,113.67,1.381,1.39218,1.37932,0.66324,0.67744,0.66185,1.6727,1.6775,1.6639,0.6802,0.6819,0.6771,4590.470215
42,2/29/2016,1.08858,1.09624,1.08595,112.805,113.981,112.667,0.99821,1.00379,0.99492,1.3927,1.39464,1.38364,1.35099,1.35869,1.34824,0.7814,0.78973,0.7791,122.793,124.5,122.459,1.0866,1.09297,1.08103,0.7138,0.71679,0.71091,157.09,158.12,156.219,112.99,114.37,112.51,1.3901,1.39245,1.37999,0.6585,0.664,0.65659,1.67,1.6761,1.6594,0.6802,0.6883,0.6786,4557.950195
43,3/1/2016,1.08709,1.08937,1.08345,113.885,114.182,112.164,0.99658,1.001,0.99639,1.3954,1.40184,1.39047,1.33965,1.35513,1.33868,0.77892,0.7823,0.77578,123.808,124.08,122.061,1.08338,1.08782,1.08236,0.7179,0.7192,0.71097,158.91,159.52,156.222,114.26,114.4,112.38,1.3904,1.40153,1.38862,0.663,0.664,0.65718,1.6736,1.6936,1.6712,0.6845,0.6851,0.6798,4689.600098
44,3/2/2016,1.0866,1.08808,1.08259,113.368,114.555,113.221,0.9964,1.001,0.99563,1.4071,1.40931,1.39147,1.3431,1.34988,1.34079,0.7721,0.78132,0.76917,123.18,124.38,123.097,1.0829,1.0859,1.0821,0.7291,0.73009,0.71657,159.52,160.568,158.755,113.727,114.65,113.68,1.40248,1.40802,1.38893,0.6669,0.66781,0.65947,1.6932,1.7096,1.6895,0.6818,0.6855,0.6779,4703.419922
45,3/3/2016,1.0964,1.09725,1.08539,113.612,114.27,113.3,0.99092,0.9984,0.98927,1.41893,1.41915,1.40333,1.33966,1.34728,1.3372,0.7726,0.775,0.77054,124.575,124.61,123.276,1.08652,1.0866,1.0828,0.7353,0.73737,0.7282,161.223,161.246,159.6,114.63,114.8,113.807,1.40602,1.40756,1.39853,0.6731,0.67557,0.6656,1.6985,1.7016,1.6887,0.6804,0.6873,0.6796,4707.419922
46,3/4/2016,1.09938,1.10432,1.09038,114.06,114.26,113.133,0.9946,0.99879,0.98794,1.42157,1.42484,1.41088,1.332,1.34709,1.33175,0.77324,0.7773,0.772,125.393,125.8,123.944,1.0936,1.09468,1.08519,0.74255,0.74428,0.73402,162.147,162.44,160.442,114.64,115.05,114.1,1.4139,1.41474,1.40094,0.68005,0.68189,0.67155,1.6924,1.7015,1.6905,0.6859,0.6871,0.6816,4717.02002
47,3/7/2016,1.1009,1.1026,1.09403,113.32,114.045,113.227,0.99518,1.0014,0.99292,1.4265,1.42834,1.41346,1.3276,1.33775,1.32623,0.77167,0.775,0.7713,124.77,125.39,124.23,1.0956,1.09749,1.0916,0.7469,0.74857,0.73929,161.66,162.228,160.386,113.85,114.79,113.36,1.4196,1.42169,1.41075,0.6778,0.6815,0.67506,1.6985,1.7023,1.6859,0.6836,0.6848,0.6766,4708.25
48,3/8/2016,1.10069,1.10576,1.09937,112.565,113.52,112.426,0.99585,0.99703,0.99019,1.42132,1.42756,1.4174,1.34093,1.34115,1.32821,0.77419,0.77927,0.7716,123.89,125.02,123.856,1.0961,1.09693,1.0918,0.7438,0.74722,0.74105,159.988,161.91,159.613,113.022,114.04,112.95,1.41538,1.4203,1.4064,0.67423,0.68017,0.674,1.6991,1.7068,1.6915,0.6785,0.68,0.6761,4648.819824
49,3/9/2016,1.10064,1.1035,1.09464,113.287,113.445,112.229,0.9967,1.00398,0.99402,1.4216,1.4241,1.41778,1.32582,1.34462,1.3229,0.7741,0.77561,0.77,124.688,124.89,123.066,1.0971,1.10002,1.09475,0.74882,0.75278,0.74126,161.067,161.356,159.494,113.63,113.79,111.92,1.417,1.42837,1.4144,0.666,0.68092,0.66511,1.7025,1.7136,1.6933,0.6788,0.6833,0.6769,4674.379883
50,3/10/2016,1.11849,1.12179,1.08224,113.147,114.444,112.613,0.98352,1.00923,0.98106,1.4279,1.43176,1.41183,1.3356,1.33976,1.32326,0.78324,0.78478,0.76527,126.557,126.771,123.65,1.10005,1.10227,1.08923,0.74438,0.75121,0.74274,161.54,162.883,160.739,115.035,115.55,113.15,1.40438,1.42788,1.40207,0.66563,0.67097,0.66198,1.7108,1.7149,1.7018,0.6821,0.6836,0.6794,4662.160156
51,3/11/2016,1.11529,1.12095,1.10807,113.79,113.917,112.759,0.9822,0.98903,0.98033,1.4384,1.44365,1.42547,1.32367,1.33576,1.31679,0.77524,0.78472,0.77386,126.913,127.29,126.076,1.0956,1.1018,1.09353,0.7558,0.75833,0.7447,163.66,164.094,161.088,115.831,116.1,114.537,1.41295,1.41719,1.40357,0.674,0.67735,0.66604,1.7087,1.7226,1.7061,0.6814,0.6825,0.6761,4748.470215
52,3/14/2016,1.1097,1.11757,1.10781,113.805,114.005,113.51,0.9871,0.9882,0.98192,1.43019,1.43894,1.42932,1.3266,1.33081,1.32115,0.77592,0.777,0.7735,126.296,127.153,126.085,1.09546,1.09911,1.0946,0.75052,0.75934,0.74924,162.74,163.981,162.6,115.279,115.94,114.93,1.41173,1.42038,1.41087,0.66644,0.67552,0.66576,1.7187,1.7319,1.7119,0.6776,0.6781,0.6734,4750.279785
53,3/15/2016,1.111,1.1125,1.10723,113.083,114.139,112.639,0.9866,0.98956,0.98498,1.41571,1.4305,1.41393,1.3351,1.34021,1.32635,0.78478,0.78611,0.776,125.6,126.711,125.101,1.0962,1.09714,1.09446,0.7451,0.75275,0.74452,160.08,162.938,159.55,114.58,115.64,114.216,1.3968,1.41248,1.39386,0.66072,0.66842,0.65878,1.7294,1.7401,1.7238,0.6742,0.6773,0.6693,4728.669922
54,3/16/2016,1.12248,1.12423,1.10581,112.61,113.819,112.335,0.9761,0.9914,0.97507,1.42562,1.42736,1.40535,1.31285,1.3405,1.31144,0.78736,0.78854,0.7843,126.39,126.455,125.55,1.09595,1.09755,1.09399,0.7554,0.75606,0.74149,160.552,160.915,159.663,115.36,115.373,114.51,1.39153,1.39766,1.39119,0.6729,0.67404,0.65763,1.7357,1.766,1.7329,0.6714,0.6721,0.6665,4763.970215
55,3/17/2016,1.1316,1.13423,1.12055,111.54,112.955,110.671,0.96704,0.97863,0.96509,1.44821,1.45029,1.42221,1.2986,1.3133,1.29456,0.7812,0.79114,0.7808,126.232,126.63,125.337,1.0945,1.09955,1.09226,0.7645,0.76568,0.7534,161.542,161.575,159.026,115.31,115.47,114.28,1.4004,1.40273,1.38852,0.6854,0.68589,0.67288,1.7616,1.7799,1.756,0.6683,0.669,0.662,4774.990234
56,3/18/2016,1.12681,1.1337,1.12565,111.714,111.757,110.825,0.96968,0.9717,0.96557,1.44736,1.45144,1.44108,1.30242,1.30426,1.29241,0.77839,0.787,0.7775,125.88,126.22,125.273,1.09276,1.0948,1.09055,0.7595,0.76802,0.75958,161.698,161.778,160.369,115.19,115.404,114.55,1.40359,1.40563,1.3966,0.6786,0.68737,0.6784,1.7719,1.7735,1.7573,0.664,0.6676,0.6631,4795.649902
57,3/21/2016,1.12494,1.1285,1.12347,111.82,111.93,111.225,0.9692,0.97301,0.96759,1.43851,1.44673,1.43656,1.30765,1.3092,1.3007,0.78196,0.784,0.779,125.803,126.08,125.22,1.0903,1.09435,1.08945,0.7583,0.76264,0.75691,160.87,161.45,160.155,115.35,115.48,114.49,1.3942,1.40289,1.3921,0.6759,0.67984,0.6747,1.7674,1.7734,1.7536,0.6654,0.6738,0.6622,4808.870117
58,3/22/2016,1.1219,1.1261,1.11888,112.32,112.49,111.38,0.9726,0.9736,0.96891,1.4211,1.43974,1.4191,1.30386,1.31383,1.30322,0.78935,0.79057,0.7814,126.028,126.28,124.678,1.0914,1.09165,1.0876,0.7622,0.76426,0.75515,159.61,161.49,158.462,115.456,115.74,114.52,1.3822,1.39619,1.3774,0.6749,0.6776,0.67222,1.7629,1.7716,1.7543,0.6735,0.674,0.6665,4821.660156
59,3/23/2016,1.1181,1.12233,1.11598,112.41,112.91,112.145,0.9747,0.9766,0.97268,1.41146,1.42272,1.40828,1.3207,1.32191,1.30392,0.7921,0.7934,0.78825,125.68,126.27,125.512,1.08995,1.09241,1.08748,0.7524,0.76489,0.75202,158.67,160.012,158.543,115.308,115.93,115.014,1.3756,1.38503,1.3728,0.6707,0.67701,0.66834,1.7592,1.7629,1.7367,0.6714,0.6797,0.6702,4768.859863
60,3/24/2016,1.11753,1.11874,1.11443,112.792,113.005,112.297,0.97568,0.9774,0.97379,1.41614,1.41826,1.4057,1.3241,1.3296,1.32044,0.7889,0.79464,0.78827,126.04,126.16,125.393,1.09049,1.09094,1.08751,0.7529,0.75368,0.74776,159.73,159.85,158.466,115.57,115.72,115.143,1.38181,1.38306,1.37217,0.6697,0.67216,0.6672,1.7394,1.7414,1.7253,0.6788,0.6859,0.678,4773.5
61,3/25/2016,1.1162,1.11792,1.11545,113.105,113.321,112.757,0.97822,0.97868,0.97541,1.41287,1.41563,1.41114,1.32622,1.32695,1.32271,0.78985,0.79108,0.78884,126.241,126.46,125.922,1.09171,1.09242,1.08909,0.75087,0.75351,0.75082,159.795,160.185,159.36,115.585,116.04,115.5,1.38186,1.38275,1.37855,0.66817,0.6715,0.66816,1.7387,1.7538,1.7331,0.6825,0.6846,0.68,NA
62,3/28/2016,1.11999,1.12198,1.1153,113.319,113.686,113.138,0.9736,0.97861,0.97235,1.42537,1.42832,1.41213,1.31797,1.32848,1.31683,0.78569,0.7903,0.78441,126.927,127.046,126.3,1.09064,1.09222,1.09011,0.75411,0.75578,0.74937,161.55,161.682,159.82,116.37,116.491,115.71,1.38793,1.39113,1.3803,0.67284,0.67356,0.66691,1.748,1.7576,1.7414,0.6831,0.686,0.6793,4766.790039
63,3/29/2016,1.1302,1.1303,1.11691,112.666,113.803,112.673,0.966,0.97624,0.9659,1.43877,1.4404,1.41954,1.3056,1.32163,1.3051,0.7855,0.78725,0.7831,127.34,127.46,126.784,1.0918,1.0929,1.08856,0.76427,0.76429,0.75105,162.07,162.499,161.35,116.6,116.76,116.14,1.3898,1.39506,1.38433,0.68569,0.68664,0.67233,1.7546,1.762,1.7476,0.6803,0.6814,0.6773,4846.620117
64,3/30/2016,1.13369,1.13653,1.1286,112.41,112.81,112.02,0.9637,0.9672,0.95932,1.4378,1.44589,1.43612,1.29653,1.30805,1.2913,0.7883,0.7884,0.78349,127.454,127.821,126.77,1.09268,1.09273,1.08929,0.7672,0.77088,0.76156,161.652,162.574,161.359,116.629,117.23,116.08,1.3857,1.39329,1.3849,0.69352,0.69654,0.68419,1.7554,1.7659,1.7476,0.6788,0.6791,0.6731,4869.290039
65,3/31/2016,1.13845,1.14116,1.13107,112.518,112.67,112.113,0.9605,0.9664,0.95721,1.4368,1.44261,1.43266,1.29778,1.30106,1.28582,0.7922,0.79444,0.7879,128.09,128.22,126.974,1.09344,1.0953,1.09066,0.76638,0.77227,0.76348,161.686,162.023,160.907,117.13,117.47,116.17,1.38002,1.3883,1.37555,0.6912,0.69662,0.68819,1.7569,1.7677,1.7399,0.6744,0.6773,0.6725,4869.850098
66,4/1/2016,1.1394,1.14377,1.13347,111.614,112.577,111.601,0.9584,0.96253,0.9556,1.42271,1.4372,1.41715,1.3012,1.3147,1.29697,0.80059,0.802,0.7917,127.171,128.163,127.182,1.0921,1.09504,1.09067,0.76832,0.77005,0.75993,158.795,161.723,158.727,116.4,117.213,116.42,1.3636,1.38232,1.36043,0.6899,0.69368,0.6836,1.7483,1.7515,1.7364,0.6734,0.6756,0.6727,4914.540039
67,4/4/2016,1.1396,1.14125,1.13576,111.29,111.796,111.101,0.95875,0.96148,0.95732,1.4277,1.43214,1.41916,1.3054,1.30827,1.30032,0.79818,0.80161,0.796,126.84,127.36,126.454,1.0929,1.09323,1.09127,0.76121,0.76781,0.75985,158.908,159.58,158.184,116.05,116.611,115.78,1.36918,1.37178,1.36164,0.6834,0.69037,0.68298,1.7414,1.7457,1.7252,0.6742,0.6784,0.6729,4891.799805
68,4/5/2016,1.1381,1.14051,1.13361,110.425,111.332,109.951,0.9567,0.96044,0.95468,1.4146,1.4279,1.41222,1.3154,1.32187,1.30688,0.80439,0.80544,0.79804,125.67,126.82,125.252,1.0888,1.0925,1.0879,0.7535,0.76312,0.75105,156.21,158.848,155.741,115.41,116.09,114.94,1.3535,1.36835,1.352,0.6791,0.68317,0.67596,1.731,1.743,1.7251,0.6765,0.6783,0.672,4843.930176
69,4/6/2016,1.1405,1.14315,1.13268,109.67,110.642,109.346,0.9552,0.96218,0.95311,1.41243,1.41711,1.40058,1.3099,1.31862,1.30637,0.8073,0.81052,0.8023,125.097,125.85,124.87,1.0894,1.09123,1.08816,0.7598,0.76192,0.75334,154.917,156.655,154.549,114.79,115.572,114.44,1.349,1.35908,1.34445,0.68256,0.68441,0.67743,1.7367,1.7386,1.7198,0.6754,0.6807,0.6737,4920.720215
70,4/7/2016,1.13724,1.14539,1.13379,108.43,109.904,107.672,0.9555,0.9582,0.9522,1.4061,1.41568,1.40493,1.31325,1.31806,1.30193,0.8086,0.8117,0.8043,123.336,125.304,122.556,1.08691,1.09065,1.08436,0.7509,0.76373,0.74921,152.488,155.344,151.667,113.458,114.935,112.726,1.3436,1.35132,1.34165,0.67787,0.68625,0.67633,1.7316,1.7414,1.7273,0.6751,0.678,0.6728,4848.370117
71,4/8/2016,1.13996,1.14192,1.1349,108.17,109.097,108.158,0.9536,0.95823,0.95254,1.4125,1.41414,1.40412,1.29975,1.31559,1.29529,0.80698,0.81,0.80474,123.306,124.232,123.114,1.0873,1.08946,1.08603,0.7551,0.75792,0.75009,152.77,154.23,152.151,113.4,114.16,113.2,1.34717,1.35196,1.34301,0.6807,0.68295,0.67742,1.7382,1.7422,1.7293,0.6759,0.6777,0.6717,4850.689941
72,4/11/2016,1.14057,1.14472,1.13725,107.915,108.442,107.637,0.9542,0.95703,0.95032,1.424,1.42863,1.41077,1.2887,1.30158,1.28862,0.8006,0.80891,0.79954,123.06,123.73,122.839,1.0881,1.08984,1.08647,0.76,0.763,0.75285,153.681,154.46,151.987,113.063,113.76,112.89,1.3583,1.3628,1.34416,0.686,0.68786,0.6792,1.733,1.7345,1.7167,0.6737,0.6764,0.6723,4833.399902
73,4/12/2016,1.1393,1.14646,1.13455,108.51,108.788,107.875,0.95483,0.95934,0.94994,1.4266,1.43479,1.41967,1.2762,1.29203,1.27506,0.79855,0.803,0.79616,123.65,124,123.09,1.0881,1.08928,1.0873,0.7684,0.76894,0.75839,154.81,155.516,153.519,113.61,113.95,113.01,1.3622,1.36676,1.3552,0.6916,0.69259,0.68523,1.7247,1.7247,1.7108,0.6731,0.6755,0.671,4872.089844
74,4/13/2016,1.12864,1.1391,1.12726,109.22,109.405,108.51,0.9659,0.967,0.95502,1.4212,1.42788,1.41932,1.28147,1.28275,1.27451,0.7939,0.7984,0.79256,123.28,123.87,123.01,1.09031,1.09108,1.08719,0.76611,0.77158,0.76345,155.24,155.753,154.76,113.06,113.864,112.91,1.3727,1.3744,1.36254,0.69271,0.69523,0.68987,1.7142,1.7271,1.7093,0.6735,0.6776,0.6712,4947.419922
75,4/14/2016,1.1262,1.12947,1.1234,109.28,109.545,108.9,0.96649,0.96881,0.9638,1.4155,1.4209,1.40906,1.2852,1.28975,1.27819,0.7955,0.79812,0.7938,123.088,123.43,122.727,1.0887,1.0904,1.08672,0.7696,0.77368,0.76197,154.68,155.366,153.911,113.04,113.35,112.65,1.3681,1.3732,1.36369,0.6854,0.692,0.68242,1.7132,1.7168,1.6906,0.6769,0.6822,0.6761,4945.890137
76,4/15/2016,1.1285,1.13169,1.12458,108.72,109.732,108.602,0.96785,0.969,0.96487,1.4198,1.42417,1.41333,1.28415,1.29024,1.27978,0.7946,0.7976,0.7938,122.69,123.58,122.639,1.0921,1.0927,1.08862,0.7717,0.77344,0.76811,154.36,155.311,154.095,112.33,113.49,112.29,1.374,1.37564,1.36672,0.6912,0.69271,0.68443,1.7038,1.7106,1.6905,0.6782,0.6835,0.6754,4938.220215
77,4/18/2016,1.13142,1.13322,1.1274,108.73,108.986,107.839,0.9645,0.9679,0.96284,1.4277,1.42907,1.4132,1.28068,1.29896,1.27959,0.7923,0.79937,0.79138,123.031,123.351,121.722,1.09133,1.09235,1.09034,0.7746,0.77591,0.76015,155.265,155.703,152.534,112.725,113.1,111.5,1.377,1.37839,1.36576,0.6944,0.69571,0.68462,1.6954,1.6959,1.6701,0.6823,0.6875,0.6806,4960.02002
78,4/19/2016,1.1368,1.13845,1.13038,109.16,109.49,108.793,0.96085,0.96497,0.95851,1.4399,1.44188,1.42714,1.2648,1.2794,1.26316,0.78945,0.7931,0.7882,124.113,124.437,123.1,1.0923,1.0929,1.0904,0.7814,0.7826,0.77469,157.17,157.711,155.37,113.58,113.982,112.82,1.3834,1.38556,1.37673,0.7045,0.70549,0.69541,1.6785,1.6929,1.6724,0.6861,0.688,0.6841,4940.330078
79,4/20/2016,1.1298,1.13878,1.12911,109.76,109.878,108.766,0.9716,0.97331,0.96033,1.43536,1.44101,1.43464,1.26412,1.27297,1.25937,0.78708,0.79157,0.7863,124.008,124.332,123.545,1.098,1.09894,1.09182,0.77959,0.7829,0.77674,157.546,157.88,156.209,112.932,113.75,112.85,1.39502,1.39737,1.37985,0.6977,0.70494,0.69726,1.69,1.6912,1.678,0.6851,0.6921,0.6841,4948.129883
80,4/21/2016,1.1293,1.13972,1.12704,109.41,109.896,109.325,0.9738,0.97526,0.96482,1.43269,1.44397,1.42998,1.27314,1.27497,1.26284,0.78822,0.7898,0.7855,123.57,124.955,123.372,1.10025,1.10091,1.0964,0.7738,0.7835,0.77334,156.74,158.372,156.626,112.3,113.72,112.28,1.39564,1.39793,1.38977,0.69063,0.69829,0.69007,1.6827,1.6923,1.6762,0.6913,0.6937,0.6877,4945.890137
81,4/22/2016,1.1229,1.13084,1.12185,111.6,111.804,109.264,0.9783,0.97969,0.97331,1.44097,1.44517,1.4314,1.2666,1.27579,1.26228,0.77929,0.7886,0.77836,125.333,125.496,123.4,1.0987,1.10165,1.09786,0.77129,0.77741,0.76942,160.819,161.172,156.542,114.04,114.23,112.15,1.4095,1.41226,1.39567,0.68562,0.69356,0.68355,1.6891,1.7013,1.6816,0.6892,0.6936,0.6884,4906.22998
82,4/25/2016,1.12626,1.12781,1.12189,111.162,111.896,110.843,0.9754,0.97888,0.97366,1.44765,1.45192,1.44033,1.26883,1.27172,1.26523,0.77786,0.78113,0.77525,125.19,125.536,124.8,1.09874,1.0994,1.09649,0.7706,0.7729,0.76918,160.923,161.89,160.029,113.93,114.284,113.64,1.412,1.41625,1.40514,0.6846,0.68775,0.68423,1.6948,1.7057,1.6863,0.69,0.6925,0.6875,4895.790039
83,4/26/2016,1.12817,1.13396,1.12565,111.45,111.46,110.674,0.97462,0.97667,0.9702,1.45666,1.46384,1.44793,1.26204,1.2686,1.26071,0.7743,0.7783,0.77353,125.75,125.972,124.69,1.09961,1.10036,1.0983,0.7738,0.7765,0.76971,162.33,162.697,160.473,114.349,114.57,113.438,1.4194,1.42138,1.41197,0.6884,0.69101,0.68571,1.7043,1.7225,1.6991,0.6897,0.6927,0.6846,4888.279785
84,4/27/2016,1.13125,1.13604,1.12721,111.415,111.753,111.028,0.97239,0.9753,0.96818,1.4534,1.46216,1.44747,1.26205,1.26939,1.25716,0.77822,0.77937,0.7738,126.048,126.33,125.44,1.10001,1.10095,1.09906,0.75758,0.77651,0.75492,161.91,162.809,161.66,114.57,114.85,114.016,1.413,1.42093,1.4106,0.6839,0.69059,0.68085,1.7155,1.7261,1.7054,0.6874,0.6898,0.684,4863.140137
85,4/28/2016,1.1352,1.13679,1.1296,108.036,111.882,107.923,0.96628,0.97329,0.96579,1.45987,1.46228,1.45243,1.2541,1.26062,1.2516,0.77754,0.78038,0.77549,122.651,126.47,122.546,1.09692,1.1006,1.09651,0.7627,0.7658,0.75773,157.7,162.573,157.092,111.81,115.007,111.65,1.41041,1.4147,1.40568,0.6966,0.699,0.68977,1.7184,1.7591,1.7156,0.6854,0.6866,0.6795,4805.290039
86,4/29/2016,1.14465,1.14591,1.13484,106.419,108.199,106.429,0.95899,0.96707,0.95681,1.46124,1.4671,1.45774,1.25399,1.25872,1.24987,0.78319,0.78425,0.77659,121.832,122.95,121.74,1.09781,1.09945,1.09555,0.7606,0.76682,0.75877,155.524,158.08,155.528,110.979,112.02,110.98,1.4012,1.41313,1.40044,0.6985,0.69987,0.69518,1.7562,1.7623,1.7495,0.6807,0.6809,0.6755,4775.359863
87,5/2/2016,1.15182,1.15349,1.14486,106.48,106.818,106.143,0.9551,0.96051,0.95355,1.46618,1.4696,1.45843,1.2545,1.25623,1.2514,0.7855,0.78651,0.7821,122.66,122.921,121.66,1.10031,1.10075,1.09844,0.76566,0.76644,0.7595,156.129,156.652,154.95,111.46,111.76,110.71,1.40052,1.4063,1.39824,0.70088,0.70238,0.69693,1.7552,1.7599,1.7382,0.6778,0.6811,0.6707,4817.589844
88,5/3/2016,1.15055,1.16162,1.15013,106.428,106.47,105.55,0.9541,0.95538,0.94446,1.45352,1.47695,1.4532,1.27253,1.27303,1.24615,0.79149,0.79203,0.7841,122.476,122.757,122.131,1.09799,1.10165,1.09604,0.74879,0.77192,0.74855,154.698,156.18,154.44,111.54,111.882,110.9,1.38704,1.40404,1.38578,0.6915,0.70536,0.69113,1.7486,1.7513,1.7348,0.6751,0.682,0.6737,4763.220215
89,5/4/2016,1.1493,1.15293,1.14666,106.94,107.362,106.251,0.9565,0.95897,0.95328,1.4497,1.45714,1.44619,1.28652,1.28856,1.26978,0.79267,0.79469,0.78934,122.93,123.243,122.303,1.09971,1.1005,1.0971,0.74589,0.75174,0.74475,155.064,155.951,154.421,111.78,112.2,111.33,1.3867,1.39181,1.38197,0.68827,0.69404,0.68605,1.7409,1.7604,1.7372,0.6799,0.6809,0.6747,4725.640137
90,5/5/2016,1.1401,1.1494,1.13862,107.257,107.497,106.807,0.96836,0.96963,0.95698,1.44832,1.45289,1.44443,1.28599,1.28747,1.27861,0.787,0.7926,0.7862,122.284,123.13,122.1,1.104,1.10496,1.0996,0.7463,0.75137,0.74563,155.33,155.857,154.882,110.74,111.927,110.65,1.4022,1.4043,1.38818,0.68813,0.69172,0.68723,1.7548,1.7677,1.7432,0.6774,0.6809,0.6757,4717.089844
91,5/6/2016,1.14018,1.14802,1.13871,107.1,107.422,106.44,0.9717,0.97267,0.96526,1.4426,1.45463,1.44152,1.2921,1.29517,1.28363,0.7903,0.79181,0.7866,122.1,122.46,121.491,1.10803,1.10928,1.10343,0.73647,0.7478,0.73381,154.5,155.616,153.654,110.202,110.941,109.84,1.4018,1.40563,1.39811,0.68348,0.68907,0.6808,1.7649,1.7676,1.7356,0.6774,0.6884,0.6759,4736.160156
92,5/9/2016,1.13847,1.14196,1.13757,108.445,108.603,107.058,0.97112,0.97357,0.96848,1.44049,1.44793,1.4375,1.2967,1.30152,1.29067,0.79021,0.793,0.78678,123.468,123.71,121.99,1.10566,1.10902,1.1037,0.73149,0.73851,0.73081,156.222,156.43,154.23,111.66,111.91,110.06,1.3987,1.40391,1.3944,0.67744,0.68477,0.67647,1.7503,1.7612,1.7356,0.6828,0.6859,0.6782,4750.209961
93,5/10/2016,1.13691,1.14097,1.13586,109.24,109.35,108.278,0.9756,0.97601,0.9699,1.4434,1.44779,1.43896,1.2911,1.29798,1.29109,0.7875,0.7905,0.7871,124.2,124.45,123.29,1.1093,1.11034,1.10515,0.7364,0.7374,0.73006,157.69,157.916,156.083,111.95,112.29,111.5,1.4083,1.40932,1.39872,0.6761,0.67781,0.67167,1.7592,1.7624,1.7505,0.6794,0.683,0.6781,4809.879883
94,5/11/2016,1.14234,1.1447,1.13699,108.472,109.344,108.375,0.97123,0.97604,0.96993,1.44506,1.44879,1.43952,1.28405,1.29419,1.28307,0.79044,0.792,0.7865,123.914,124.35,123.608,1.10952,1.1108,1.10812,0.7379,0.74021,0.73361,156.74,157.956,156.42,111.675,112.04,111.42,1.40353,1.41033,1.40204,0.683,0.68456,0.67801,1.7561,1.7797,1.7477,0.6802,0.6817,0.6757,4760.689941
95,5/12/2016,1.1371,1.1429,1.13722,109.075,109.394,108.23,0.9707,0.97255,0.9664,1.4447,1.45308,1.44069,1.28365,1.28781,1.2772,0.7869,0.79187,0.78462,124.043,124.645,123.696,1.104,1.10993,1.1027,0.73248,0.73794,0.73106,157.58,158.483,156.269,112.32,112.752,111.45,1.40277,1.40746,1.39799,0.68162,0.68477,0.68051,1.7652,1.7775,1.7539,0.68,0.6825,0.6761,4737.330078
96,5/13/2016,1.13188,1.13796,1.12832,108.619,109.554,108.519,0.9742,0.97741,0.97022,1.43721,1.44521,1.4341,1.29333,1.29578,1.28368,0.78734,0.78825,0.7857,122.9,124.14,122.76,1.1024,1.1052,1.10157,0.72693,0.73236,0.72544,156.135,157.631,155.986,111.465,112.375,111.32,1.40031,1.40344,1.3982,0.67746,0.68301,0.67564,1.7665,1.7684,1.7401,0.6789,0.6824,0.6777,4717.680176
97,5/16/2016,1.13195,1.13422,1.13027,108.98,109.095,108.47,0.97765,0.9784,0.97481,1.4393,1.4416,1.43332,1.28983,1.29626,1.2875,0.78639,0.78935,0.7859,123.372,123.507,122.626,1.10687,1.10722,1.10223,0.7291,0.73087,0.72394,156.84,157.085,155.691,111.44,111.63,111.219,1.40745,1.40837,1.39929,0.6791,0.68089,0.67473,1.7473,1.7636,1.7399,0.6808,0.6859,0.6764,4775.459961
98,5/17/2016,1.1319,1.13482,1.13024,109.02,109.652,108.842,0.9794,0.98037,0.97516,1.44568,1.45241,1.4404,1.2915,1.2955,1.2838,0.7828,0.7858,0.7801,123.41,124.2,123.25,1.1089,1.1093,1.1058,0.73237,0.73663,0.72829,157.62,158.975,157.028,111.26,112.11,111.26,1.4162,1.41959,1.40806,0.6807,0.68426,0.67794,1.7464,1.7529,1.7334,0.6855,0.6886,0.684,4715.72998
99,5/18/2016,1.12195,1.13159,1.12196,110.18,110.254,108.728,0.987,0.98748,0.97994,1.4582,1.46343,1.4404,1.30183,1.30274,1.28949,0.76923,0.7832,0.7691,123.621,123.94,122.968,1.1075,1.10967,1.10654,0.72242,0.73253,0.72228,160.715,160.778,157.036,111.59,111.92,110.9,1.43977,1.44007,1.41585,0.6728,0.68101,0.67304,1.7409,1.7639,1.7305,0.6866,0.6896,0.684,4739.120117
100,5/19/2016,1.1202,1.123,1.11803,109.92,110.383,109.702,0.9902,0.99222,0.9863,1.4618,1.46636,1.45619,1.30941,1.31544,1.30115,0.7662,0.7704,0.7649,123.154,123.776,122.936,1.1094,1.10986,1.1068,0.7224,0.72419,0.71765,160.689,161.639,160.152,110.98,111.71,110.86,1.4472,1.44905,1.43903,0.67444,0.67648,0.67103,1.7484,1.7619,1.7189,0.6863,0.6891,0.6835,4712.529785
101,5/20/2016,1.1214,1.12372,1.11967,110.116,110.586,109.853,0.99102,0.99267,0.98967,1.44859,1.46134,1.44863,1.31263,1.3162,1.30775,0.7739,0.7743,0.7669,123.485,124.041,123.066,1.1114,1.11289,1.10957,0.7221,0.7249,0.72123,159.51,161.15,159.53,111.1,111.56,110.865,1.4357,1.44875,1.43591,0.6764,0.6781,0.67374,1.7282,1.755,1.7248,0.686,0.6902,0.6843,4769.560059
102,5/23/2016,1.12146,1.1243,1.11878,109.23,110.24,109.115,0.98938,0.99233,0.98838,1.448,1.45486,1.44429,1.31431,1.31737,1.30998,0.77438,0.7754,0.77054,122.538,123.72,122.39,1.10983,1.11235,1.10937,0.72227,0.72597,0.71954,158.198,160.53,158.06,110.42,111.24,110.25,1.43273,1.44184,1.43219,0.6765,0.68069,0.67486,1.7374,1.7389,1.7184,0.6891,0.6907,0.68,4765.779785
103,5/24/2016,1.11403,1.12269,1.1133,110.001,110.128,109.17,0.9931,0.99374,0.98917,1.4624,1.46422,1.44782,1.31441,1.31881,1.30864,0.76158,0.775,0.76124,122.545,122.727,122.355,1.1063,1.11138,1.106,0.71758,0.72283,0.71453,160.86,161.042,158.132,110.73,110.923,110.2,1.4522,1.45337,1.43247,0.6733,0.67659,0.67058,1.7253,1.7281,1.7032,0.681,0.686,0.68,4861.060059
104,5/25/2016,1.11604,1.1167,1.11292,110.14,110.446,109.869,0.99066,0.99347,0.9897,1.47122,1.47289,1.46015,1.3034,1.31334,1.30257,0.75854,0.76393,0.7564,122.92,123.13,122.52,1.1055,1.1068,1.10388,0.72,0.72189,0.7174,162.02,162.521,160.454,111.17,111.428,110.72,1.4575,1.46008,1.4479,0.6767,0.6773,0.67342,1.7119,1.7315,1.7087,0.6846,0.6855,0.6746,4894.890137
105,5/26/2016,1.11901,1.1217,1.11501,109.75,110.23,109.421,0.98904,0.99282,0.98724,1.46618,1.47393,1.46407,1.2984,1.30377,1.29115,0.76311,0.76346,0.75792,122.806,123.1,122.265,1.10678,1.10865,1.10525,0.72163,0.72434,0.71621,160.9,162.172,160.739,110.95,111.2,110.549,1.45009,1.46124,1.4498,0.67461,0.67666,0.66926,1.725,1.738,1.7124,0.6765,0.6811,0.6738,4901.77002
106,5/27/2016,1.1113,1.12006,1.11119,110.37,110.45,109.477,0.9942,0.99456,0.98863,1.4608,1.46885,1.46054,1.30324,1.30682,1.2969,0.76059,0.76442,0.76036,122.65,123.081,122.228,1.10499,1.10792,1.10414,0.7183,0.72345,0.71726,161.23,161.419,160.167,110.937,111.18,110.47,1.4522,1.45401,1.44791,0.6693,0.67581,0.6688,1.7197,1.7479,1.7153,0.6774,0.6787,0.6705,4933.5
107,5/30/2016,1.1134,1.1145,1.10983,111.127,111.449,110.35,0.99332,0.99561,0.99203,1.46339,1.4642,1.4588,1.30488,1.30947,1.30257,0.7608,0.76322,0.75899,123.734,123.9,122.51,1.1057,1.1071,1.10425,0.71841,0.71872,0.71492,162.623,162.887,161.13,111.851,112.14,110.88,1.4536,1.45583,1.44834,0.6692,0.67058,0.66762,1.7452,1.7681,1.7425,0.6737,0.6779,0.669,NA
108,5/31/2016,1.11338,1.11732,1.11224,110.614,111.352,110.506,0.9932,0.99508,0.98869,1.4491,1.47245,1.4465,1.3107,1.31341,1.30176,0.76819,0.76962,0.75732,123.162,124.19,122.98,1.10582,1.1074,1.103,0.72274,0.72669,0.71815,160.298,163.893,159.866,111.36,112.34,111.2,1.43918,1.4604,1.43725,0.67584,0.67761,0.66895,1.763,1.7837,1.7583,0.6759,0.678,0.6676,4948.049805
109,6/1/2016,1.11923,1.1193,1.11143,109.49,110.83,109.055,0.98782,0.9951,0.98624,1.4411,1.45076,1.43864,1.306,1.3122,1.3043,0.77649,0.7767,0.7671,122.562,123.312,121.9,1.10561,1.10696,1.10245,0.7257,0.72991,0.72278,157.8,160.66,157.24,110.83,111.51,110.35,1.4235,1.4417,1.42245,0.6819,0.68298,0.67641,1.7684,1.794,1.7671,0.6734,0.6748,0.6685,4952.25
110,6/2/2016,1.1147,1.12198,1.11457,108.87,109.586,108.528,0.9907,0.99103,0.9858,1.4427,1.44727,1.44078,1.3104,1.31437,1.30563,0.77261,0.7776,0.772,121.373,122.58,121.069,1.1045,1.10677,1.1037,0.7224,0.72691,0.72018,157.089,157.956,156.593,109.87,110.83,109.64,1.4293,1.43101,1.42236,0.68011,0.6834,0.67799,1.7869,1.8186,1.7739,0.6708,0.6743,0.6644,4971.359863
111,6/3/2016,1.13518,1.1354,1.11367,106.62,109.136,106.553,0.97629,0.992,0.97545,1.4516,1.45817,1.43997,1.2941,1.31064,1.29162,0.7818,0.78226,0.772,121.05,121.674,120.833,1.10841,1.1106,1.10359,0.73661,0.73676,0.72189,154.773,157.27,154.739,109.18,110.174,109.05,1.41729,1.43134,1.41671,0.69563,0.69602,0.6802,1.8018,1.8201,1.7929,0.6698,0.6717,0.6639,4942.52002
112,6/6/2016,1.13656,1.13928,1.1327,107.48,107.556,106.383,0.9702,0.97758,0.96821,1.44538,1.45158,1.43538,1.2816,1.29822,1.28068,0.78626,0.79053,0.782,122.16,122.214,120.838,1.10293,1.10982,1.10246,0.7369,0.73886,0.7316,155.349,155.412,152.978,110.74,110.8,108.97,1.4022,1.41686,1.40008,0.6925,0.69626,0.69051,1.8059,1.814,1.792,0.6676,0.6699,0.6633,4968.709961
113,6/7/2016,1.1359,1.13804,1.13388,107.33,107.901,107.157,0.9653,0.97136,0.96452,1.4545,1.46602,1.44447,1.276,1.2839,1.27608,0.78092,0.7863,0.77533,121.93,122.697,121.664,1.09661,1.10331,1.09633,0.7456,0.74581,0.736,156.1,157.953,155.011,111.16,111.78,110.556,1.4039,1.42219,1.40199,0.6971,0.6983,0.68935,1.8039,1.8228,1.7753,0.6652,0.6754,0.6637,4961.75
114,6/8/2016,1.13943,1.14105,1.13548,107.02,107.384,106.59,0.9593,0.96589,0.95816,1.4507,1.46006,1.45014,1.27005,1.27603,1.2655,0.7853,0.78597,0.7794,121.95,121.974,121.34,1.09323,1.09853,1.0927,0.74744,0.74821,0.74305,155.27,156.257,154.79,111.54,111.572,110.63,1.392,1.40591,1.39064,0.70177,0.70275,0.69454,1.833,1.969,1.8001,0.6713,0.6761,0.6602,4974.640137
115,6/9/2016,1.1329,1.14153,1.13057,106.94,106.96,106.26,0.9633,0.9656,0.95789,1.4477,1.45272,1.44472,1.2709,1.27663,1.26714,0.7825,0.788,0.7807,121.16,121.92,120.326,1.0914,1.0937,1.08858,0.74433,0.75041,0.74209,154.83,155.269,153.664,111,111.56,110.26,1.3945,1.39784,1.38638,0.7128,0.7148,0.70773,1.955,1.9732,1.9446,0.6683,0.6702,0.6618,4958.620117
116,6/10/2016,1.1261,1.13213,1.12456,106.769,107.261,106.56,0.9638,0.96577,0.9617,1.4256,1.44729,1.4181,1.27556,1.27806,1.26609,0.78968,0.79315,0.78094,120.249,121.2,119.921,1.0853,1.0917,1.08448,0.7375,0.74376,0.73706,152.24,155.033,151.524,110.77,111.38,110.43,1.3741,1.39518,1.36942,0.70602,0.71225,0.7041,1.9607,1.9723,1.9509,0.664,0.6654,0.6614,4894.549805
117,6/13/2016,1.1289,1.1303,1.12325,106.23,106.915,105.74,0.96419,0.96783,0.96301,1.4224,1.43257,1.4116,1.28037,1.28267,1.27507,0.7933,0.7986,0.78792,119.951,120.35,119.01,1.08862,1.09222,1.084,0.73882,0.7411,0.73598,151.12,152.51,149.487,110.17,110.83,109.56,1.3711,1.38283,1.36179,0.70473,0.70815,0.70322,1.9662,1.9727,1.9558,0.6627,0.6649,0.6578,4848.439941
118,6/14/2016,1.1207,1.12984,1.11892,106.055,106.42,105.63,0.9633,0.96684,0.96212,1.40968,1.422,1.40913,1.28507,1.28728,1.28164,0.7946,0.79725,0.79106,118.85,120.12,118.52,1.0798,1.08839,1.079,0.7358,0.7405,0.73309,149.5,151.257,149.211,110.03,110.448,109.38,1.3582,1.37053,1.35824,0.70001,0.70574,0.69947,1.9709,1.974,1.9359,0.6592,0.6599,0.6531,4843.549805
119,6/15/2016,1.1265,1.12985,1.11899,105.979,106.395,105.44,0.96121,0.96636,0.95916,1.41802,1.42139,1.41074,1.29093,1.29432,1.28268,0.79438,0.79683,0.78928,119.379,119.5,118.72,1.08286,1.08605,1.07938,0.74187,0.7446,0.73341,150.278,151.175,149.544,110.23,110.4,109.61,1.36301,1.3729,1.35905,0.7045,0.7071,0.69644,1.9406,1.9454,1.9237,0.6561,0.6582,0.654,4834.930176
120,6/16/2016,1.123,1.1295,1.11312,104.266,106.01,103.556,0.96441,0.96865,0.95723,1.42085,1.4253,1.40131,1.29678,1.30856,1.2896,0.79023,0.79948,0.78893,117.091,119.384,115.507,1.08308,1.08646,1.07777,0.7367,0.74418,0.72857,148.146,150.515,145.408,108.094,110.25,107.15,1.37031,1.37541,1.35262,0.70388,0.70933,0.69693,1.9289,1.9332,1.9082,0.6559,0.66,0.6504,4844.919922
121,6/17/2016,1.12802,1.12963,1.12229,104.2,104.828,104.086,0.9599,0.9659,0.95892,1.43607,1.43878,1.42044,1.28734,1.29613,1.28303,0.78548,0.791,0.78428,117.547,118.096,116.906,1.08299,1.08743,1.081,0.7398,0.7411,0.73644,149.647,149.917,148.216,108.539,108.7,107.93,1.37856,1.37982,1.37018,0.70639,0.70722,0.70331,1.9176,1.9246,1.9016,0.658,0.6607,0.654,4800.339844
122,6/20/2016,1.1306,1.13824,1.1286,103.96,104.842,103.818,0.9624,0.9642,0.9576,1.4684,1.47073,1.43946,1.28098,1.2878,1.2773,0.7697,0.78504,0.7696,117.57,119.136,117.42,1.0883,1.09083,1.08614,0.7448,0.74809,0.7398,152.67,153.637,149.39,108,109.32,107.89,1.4135,1.4144,1.38811,0.71056,0.71304,0.7052,1.9183,1.9335,1.9087,0.6566,0.6588,0.6527,4837.209961
123,6/21/2016,1.1249,1.13494,1.12434,104.868,105.058,103.585,0.9617,0.96233,0.95728,1.46174,1.47836,1.46186,1.2814,1.28265,1.27631,0.76953,0.7745,0.7655,117.971,118.685,117.322,1.08214,1.0905,1.0799,0.7456,0.75125,0.7453,153.28,154.386,151.931,109.02,109.3,107.709,1.40607,1.41824,1.40553,0.71222,0.7169,0.71029,1.9319,1.9345,1.9053,0.6542,0.6579,0.653,4843.759766
124,6/22/2016,1.1304,1.13375,1.12366,104.44,104.85,104.319,0.9588,0.9629,0.95511,1.467,1.4774,1.46427,1.28309,1.28528,1.27427,0.7702,0.7718,0.7656,118.04,118.605,117.434,1.084,1.08509,1.08023,0.7498,0.7527,0.74421,153.256,154.577,152.868,108.9,109.54,108.55,1.407,1.41394,1.404,0.7166,0.71883,0.71211,1.9341,1.954,1.9226,0.6552,0.6574,0.6534,4833.319824
125,6/23/2016,1.13449,1.1421,1.1317,105.823,106.038,104.027,0.95836,0.96013,0.95222,1.48184,1.49464,1.47315,1.27842,1.28187,1.26791,0.76545,0.7707,0.76236,120.046,120.895,117.956,1.08724,1.09146,1.08366,0.75959,0.76023,0.75099,156.808,158.091,153.406,110.39,110.91,108.45,1.42016,1.42852,1.40985,0.72401,0.72535,0.7161,1.9455,1.9526,1.9323,0.6568,0.6584,0.6532,4910.040039
126,6/24/2016,1.11219,1.14239,1.09118,102.315,106.622,99.014,0.9673,0.98024,0.95931,1.3688,1.5006,1.32307,1.29815,1.30987,1.27394,0.81231,0.8316,0.76043,113.81,121.772,109.47,1.0758,1.1013,1.06237,0.74904,0.76351,0.73064,140.058,159.938,133.344,105.74,110.68,101.864,1.32421,1.44583,1.28704,0.7134,0.72597,0.69736,1.9412,1.9576,1.9373,0.6557,0.6574,0.6531,4707.97998
127,6/27/2016,1.10132,1.10836,1.09711,102.01,102.472,101.409,0.9784,0.98191,0.9708,1.3187,1.35131,1.31213,1.3079,1.312,1.29756,0.83507,0.83791,0.81553,112.36,113.67,111.385,1.0776,1.08054,1.0717,0.7337,0.74516,0.7322,134.533,139.79,133.362,104.22,105.3,103.54,1.29027,1.3147,1.28517,0.6996,0.7113,0.69811,1.9498,1.9869,1.9466,0.6567,0.6574,0.6476,4594.439941
128,6/28/2016,1.1057,1.11115,1.10106,102.732,102.84,101.561,0.98216,0.98369,0.97643,1.33413,1.3428,1.3216,1.3054,1.31076,1.2967,0.8286,0.8342,0.82573,113.599,113.724,111.933,1.0861,1.0868,1.07736,0.73671,0.74149,0.7331,137.058,137.448,134.305,104.578,104.94,103.823,1.31048,1.31375,1.29317,0.7026,0.70851,0.69878,1.9603,1.9709,1.9524,0.6488,0.6515,0.6441,4691.870117
129,6/29/2016,1.1107,1.11304,1.10495,102.77,102.829,102.176,0.98022,0.98229,0.97801,1.3422,1.3533,1.3288,1.29743,1.30422,1.29739,0.82728,0.8321,0.8206,114.15,114.36,112.9,1.0887,1.08943,1.08373,0.74405,0.74562,0.73822,137.95,139.012,135.886,104.83,105.09,104.02,1.3156,1.32591,1.30337,0.71111,0.71361,0.70463,1.9707,1.9977,1.9677,0.6482,0.6524,0.6453,4779.25
130,6/30/2016,1.1087,1.11543,1.10243,103.238,103.292,102.362,0.9768,0.98203,0.97285,1.3284,1.34958,1.32071,1.2943,1.30162,1.29158,0.83439,0.83826,0.8241,114.464,114.796,113.343,1.0832,1.08983,1.08,0.7444,0.74724,0.73718,137.169,138.842,135.919,105.659,105.82,104.33,1.2979,1.32025,1.29211,0.71295,0.71413,0.70579,1.9951,2.0082,1.9832,0.6483,0.6496,0.643,4842.669922
131,7/1/2016,1.1131,1.11693,1.10723,102.49,103.296,102.444,0.97419,0.97807,0.97109,1.3276,1.33492,1.32452,1.291,1.29747,1.2866,0.8383,0.8406,0.83165,114.1,114.67,113.685,1.0845,1.08584,1.082,0.7485,0.7503,0.74379,136.07,137.666,135.778,105.17,105.789,104.92,1.2932,1.30301,1.28982,0.716,0.71976,0.71187,1.9866,2.0048,1.9816,0.6485,0.6565,0.647,4862.569824
132,7/4/2016,1.1142,1.1148,1.1098,102.502,102.803,102.429,0.97135,0.97583,0.971,1.3297,1.33408,1.3236,1.28427,1.29199,1.2832,0.83769,0.8401,0.83539,114.213,114.51,113.966,1.0823,1.08527,1.0818,0.75371,0.75448,0.74448,136.311,136.805,135.75,105.49,105.64,105.12,1.2919,1.29611,1.28877,0.72357,0.7241,0.71605,2.0016,2.0446,1.9977,0.6498,0.6517,0.6435,NA
133,7/5/2016,1.1068,1.11864,1.10662,101.61,102.592,101.454,0.97717,0.9774,0.96853,1.3027,1.3286,1.30006,1.2997,1.29977,1.28479,0.84951,0.8548,0.8388,112.48,114.354,112.4,1.0815,1.08487,1.0806,0.7453,0.75442,0.74542,132.36,136.229,132.039,103.96,105.65,103.89,1.2728,1.28993,1.26783,0.7142,0.72337,0.714,2.0381,2.0444,2.03,0.6443,0.6474,0.6435,4822.899902
134,7/6/2016,1.11048,1.11114,1.10293,101.27,101.745,100.202,0.9747,0.98061,0.97406,1.2934,1.3028,1.27982,1.2962,1.3056,1.29529,0.8583,0.86377,0.8495,112.46,112.67,110.81,1.0824,1.08401,1.07946,0.7515,0.75191,0.74084,130.97,132.494,128.815,103.886,104.14,102.38,1.26074,1.27276,1.25179,0.7131,0.71499,0.70803,2.0362,2.0388,2.0238,0.6462,0.6474,0.6443,4859.160156
135,7/7/2016,1.1054,1.11073,1.10528,100.735,101.397,100.601,0.97908,0.97917,0.97411,1.28926,1.30471,1.28776,1.30092,1.30209,1.28771,0.8573,0.86131,0.8491,111.355,112.54,111.226,1.0822,1.0837,1.08061,0.74772,0.7539,0.74675,129.877,131.943,129.596,102.86,103.99,102.8,1.2622,1.2747,1.25616,0.72182,0.72355,0.71171,2.0303,2.0531,2.0256,0.6456,0.6466,0.6409,4876.810059
136,7/8/2016,1.10553,1.11192,1.10019,100.46,101.276,99.998,0.983,0.98655,0.97607,1.2956,1.30185,1.288,1.304,1.30902,1.29889,0.8531,0.8587,0.85035,111.06,111.859,110.877,1.0868,1.087,1.08266,0.75634,0.75704,0.74712,130.169,130.908,129.67,102.17,103.203,102.12,1.27377,1.27757,1.26115,0.7293,0.73063,0.72153,2.0414,2.0502,2.0224,0.6453,0.6473,0.643,4956.759766
137,7/11/2016,1.10617,1.10745,1.10159,102.843,102.88,100.447,0.9824,0.98575,0.9816,1.3005,1.30176,1.28514,1.31129,1.31395,1.30308,0.85045,0.8579,0.84853,113.761,113.78,111.02,1.08683,1.08741,1.0847,0.75357,0.75754,0.75221,133.737,133.757,129.96,104.654,104.75,102.269,1.27776,1.28045,1.26502,0.72205,0.73042,0.72167,2.0376,2.0445,2.0017,0.6447,0.6451,0.6387,4988.640137
138,7/12/2016,1.10639,1.11259,1.10526,104.84,104.982,102.453,0.98833,0.9886,0.9796,1.326,1.3295,1.2972,1.3022,1.31327,1.29814,0.83409,0.8524,0.8336,116.01,116.42,113.292,1.0933,1.09416,1.0864,0.7633,0.76579,0.75318,139.02,139.468,133.02,106.07,106.514,104.08,1.3105,1.31136,1.27505,0.7303,0.73242,0.72116,2.0052,2.0149,1.9986,0.6439,0.6464,0.6423,5022.819824
139,7/13/2016,1.1097,1.11197,1.10424,104.422,104.88,103.909,0.9836,0.98941,0.98224,1.3137,1.33377,1.31346,1.29763,1.30841,1.29366,0.84472,0.84505,0.83,115.875,116.225,114.935,1.0919,1.09437,1.08991,0.76063,0.76382,0.75781,137.159,139.51,136.932,106.107,106.47,105.17,1.2922,1.31831,1.2921,0.72712,0.73172,0.72391,2.0058,2.009,2.0041,0.6439,0.6447,0.6438,5005.72998
140,7/14/2016,1.11221,1.11647,1.10887,105.442,105.936,103.972,0.98014,0.98482,0.97647,1.33408,1.34772,1.31062,1.289,1.29864,1.28631,0.83361,0.84693,0.825,117.274,118.028,115.382,1.09015,1.09422,1.0881,0.76378,0.7653,0.75916,140.664,142.184,136.417,107.46,108.28,105.639,1.30754,1.32053,1.28975,0.72029,0.72946,0.71756,2.0079,2.0236,2.0032,0.6435,0.6467,0.6426,5034.060059
141,7/15/2016,1.10698,1.11488,1.10532,105.553,106.314,105.055,0.98286,0.98468,0.9782,1.32168,1.34802,1.31326,1.29291,1.29878,1.28627,0.83752,0.84164,0.8262,116.858,118.398,116.359,1.0881,1.09167,1.0864,0.76001,0.76761,0.75806,139.505,143.23,138.255,107.391,108.48,106.983,1.29907,1.32062,1.2919,0.71456,0.71947,0.712,2.0217,2.0364,2.0145,0.6452,0.6455,0.6412,5029.589844
142,7/18/2016,1.10716,1.10842,1.10377,106.177,106.259,105.276,0.9824,0.98467,0.9812,1.32593,1.33148,1.31906,1.29307,1.30226,1.29278,0.83492,0.83788,0.83206,117.556,117.689,115.7,1.0875,1.08949,1.085,0.76038,0.76064,0.75757,140.787,141.297,138.09,108.06,108.173,106.62,1.30269,1.30868,1.29705,0.71159,0.71538,0.70693,2.0191,2.0208,1.9706,0.6446,0.6485,0.6426,5055.779785
143,7/19/2016,1.10175,1.10804,1.10002,106.059,106.532,105.651,0.98525,0.98779,0.9814,1.30822,1.3275,1.30747,1.30219,1.30541,1.2944,0.842,0.8423,0.8342,116.862,117.761,116.58,1.08559,1.08902,1.0838,0.75074,0.75875,0.74763,138.746,141.08,138.506,107.627,108.202,107.42,1.28889,1.30442,1.28892,0.70485,0.70619,0.70106,1.9747,1.9857,1.9654,0.6474,0.651,0.6429,5036.370117
144,7/20/2016,1.10173,1.10301,1.09816,106.925,107.019,105.835,0.98677,0.99045,0.98512,1.32136,1.32273,1.30654,1.30491,1.30953,1.30142,0.83373,0.84234,0.83295,117.811,117.909,116.544,1.087,1.08912,1.08443,0.74819,0.75168,0.74624,141.294,141.479,138.369,108.35,108.46,107.324,1.30386,1.30498,1.28923,0.70236,0.70679,0.70185,1.9756,1.9843,1.9644,0.644,0.6453,0.6394,5089.930176
145,7/21/2016,1.10184,1.10593,1.09798,105.678,107.492,105.426,0.98615,0.99065,0.98412,1.32029,1.32744,1.31568,1.30938,1.31007,1.30249,0.83442,0.83825,0.83028,116.45,118.463,116.158,1.08659,1.09037,1.08599,0.74905,0.75139,0.7456,139.543,142.384,139.103,107.15,108.939,106.83,1.30195,1.3104,1.29792,0.69953,0.70044,0.69524,1.9731,1.9798,1.9725,0.6427,0.6428,0.6416,5073.899902
146,7/22/2016,1.09726,1.10411,1.09558,106.181,106.398,105.569,0.98741,0.9895,0.98441,1.31032,1.32905,1.30794,1.31492,1.31853,1.30566,0.83719,0.842,0.83007,116.505,117.27,116.22,1.08357,1.08757,1.08319,0.74662,0.75077,0.74431,139.132,141.107,138.449,107.465,107.9,107.15,1.29393,1.30997,1.28975,0.69935,0.70168,0.69749,1.9761,1.9819,1.9705,0.6427,0.6449,0.6404,5100.160156
147,7/25/2016,1.09903,1.09987,1.09522,105.795,106.722,105.745,0.98615,0.98945,0.985,1.3129,1.31645,1.30954,1.32215,1.32422,1.31247,0.83689,0.83826,0.8338,116.282,116.96,116.24,1.0838,1.08462,1.0818,0.74687,0.74922,0.74556,138.935,140.134,138.784,107.28,108.01,107.24,1.29493,1.3002,1.29235,0.69893,0.7016,0.69574,1.9726,1.9781,1.9557,0.6439,0.6462,0.6406,5097.629883
148,7/26/2016,1.09904,1.10295,1.09785,104.62,105.889,103.997,0.99179,0.99275,0.98355,1.31363,1.31758,1.30581,1.31825,1.32439,1.3176,0.83644,0.84262,0.83524,114.975,116.41,114.459,1.08999,1.09073,1.08316,0.75087,0.7541,0.74631,137.442,139.109,135.992,105.48,107.41,105.254,1.30288,1.30562,1.28692,0.70496,0.70859,0.69846,1.9587,1.9674,1.9543,0.6456,0.6497,0.6434,5110.049805
149,7/27/2016,1.10483,1.10648,1.09619,105.447,106.542,104.692,0.98682,0.99502,0.98615,1.32051,1.32302,1.3073,1.31819,1.32529,1.31577,0.83662,0.8412,0.83499,116.48,117.142,115.011,1.0904,1.09367,1.0898,0.74862,0.75659,0.74211,139.244,139.912,137.496,106.827,107.374,105.5,1.30334,1.30773,1.29892,0.70668,0.70853,0.70051,1.9617,1.9739,1.9574,0.6475,0.6483,0.6408,5139.810059
150,7/28/2016,1.10726,1.112,1.10527,105.391,105.501,104.489,0.98101,0.98657,0.97941,1.31465,1.32485,1.31178,1.31634,1.31921,1.31018,0.84222,0.84507,0.8357,116.706,116.842,115.83,1.08636,1.09336,1.0859,0.75052,0.755,0.74872,138.555,139.22,137.494,107.416,107.56,106.106,1.28958,1.30492,1.28758,0.70763,0.71212,0.70629,1.9692,1.9731,1.9517,0.6427,0.6481,0.6408,5154.97998
151,7/29/2016,1.11836,1.11974,1.10732,102.01,105.649,101.977,0.96825,0.98095,0.9636,1.32314,1.33011,1.31496,1.30449,1.31859,1.30022,0.8451,0.848,0.8388,114.082,116.915,113.888,1.0829,1.0868,1.079,0.7604,0.76102,0.74931,134.976,139.306,134.954,105.32,107.75,105.093,1.281,1.29436,1.2768,0.72256,0.72289,0.70758,1.9565,1.9615,1.9545,0.6474,0.6477,0.6452,5162.129883
152,8/1/2016,1.11614,1.11833,1.11555,102.353,102.682,102.023,0.96853,0.97025,0.96641,1.31876,1.32717,1.31628,1.31062,1.31123,1.30291,0.84625,0.849,0.84189,114.246,114.729,114,1.08111,1.08366,1.0795,0.7552,0.76149,0.75506,134.994,136.254,134.517,105.662,106,105.26,1.27733,1.28615,1.27424,0.71819,0.72299,0.71719,1.9584,1.9735,1.9361,0.6461,0.6562,0.6418,5184.200195
153,8/2/2016,1.12245,1.12336,1.11625,100.927,102.83,100.685,0.9641,0.9694,0.9633,1.33544,1.33656,1.31722,1.30971,1.31411,1.30059,0.84063,0.84921,0.84048,113.288,114.808,113.017,1.0828,1.08347,1.0806,0.76026,0.76378,0.74882,134.695,135.564,133.922,104.51,106.2,104.39,1.28816,1.28842,1.27367,0.72315,0.72563,0.71638,1.9401,1.9464,1.9293,0.6546,0.6572,0.6481,5137.72998
154,8/3/2016,1.1147,1.12228,1.11409,101.152,101.569,100.753,0.97307,0.97385,0.94785,1.33131,1.33716,1.32816,1.30788,1.31478,1.30637,0.83725,0.84325,0.8366,112.762,113.639,112.672,1.08477,1.08584,1.082,0.75808,0.76137,0.75683,134.669,135.439,134.196,103.94,104.984,103.85,1.2953,1.2968,1.28402,0.71514,0.7238,0.71415,1.9434,1.9457,1.9318,0.6492,0.6538,0.6477,5159.740234
155,8/4/2016,1.11279,1.11563,1.11139,101.159,101.667,100.866,0.9736,0.97497,0.9722,1.31248,1.33458,1.31032,1.30168,1.3089,1.29968,0.84778,0.8497,0.83446,112.569,113.267,112.47,1.08343,1.08512,1.08276,0.76269,0.76404,0.75849,132.768,135.246,132.54,103.88,104.498,103.72,1.2774,1.29904,1.27588,0.71768,0.7202,0.71471,1.942,1.945,1.9015,0.651,0.6694,0.6491,5166.25
156,8/5/2016,1.10874,1.11613,1.10458,101.783,102.059,100.876,0.98037,0.98304,0.9726,1.30718,1.31749,1.30217,1.31621,1.32002,1.30096,0.84819,0.85051,0.8463,112.843,112.98,112.322,1.08714,1.0874,1.0838,0.76224,0.76639,0.7598,133.043,133.246,132.253,103.799,104.07,103.45,1.28162,1.28282,1.27693,0.71375,0.7221,0.71221,1.9139,1.9272,1.9107,0.6646,0.6663,0.6605,5221.120117
157,8/8/2016,1.10826,1.11048,1.10724,102.436,102.654,101.875,0.98255,0.98416,0.97863,1.3036,1.30965,1.30282,1.31636,1.31901,1.3137,0.85005,0.85086,0.84693,113.535,113.752,112.83,1.08907,1.09033,1.08564,0.76519,0.76721,0.75978,133.539,134.015,132.96,104.24,104.45,103.787,1.28093,1.28477,1.27841,0.71403,0.7146,0.70876,1.9176,1.9224,1.9167,0.6644,0.6647,0.6629,5213.140137
158,8/9/2016,1.11111,1.11224,1.10709,101.901,102.53,101.793,0.98164,0.9844,0.9816,1.30014,1.3044,1.29563,1.31329,1.31899,1.31097,0.85446,0.8566,0.8497,113.22,113.59,113.04,1.09079,1.09199,1.0887,0.76686,0.7687,0.76223,132.497,133.61,132.112,103.8,104.27,103.63,1.27639,1.2818,1.27376,0.71574,0.71801,0.71111,1.9221,1.9252,1.9075,0.6637,0.673,0.6625,5225.47998
159,8/10/2016,1.11741,1.119,1.1114,101.271,101.96,100.969,0.97494,0.98183,0.97514,1.30057,1.3094,1.29915,1.30551,1.31214,1.29909,0.85905,0.85973,0.85183,113.18,113.47,112.8,1.08962,1.09249,1.08973,0.77077,0.7756,0.76622,131.721,132.825,131.571,103.86,103.94,103.28,1.2682,1.28195,1.26828,0.72131,0.72647,0.71603,1.9158,1.9201,1.9033,0.6717,0.6755,0.6686,5204.580078
160,8/11/2016,1.11439,1.11913,1.11362,101.878,102.053,101.03,0.97471,0.97658,0.97118,1.29663,1.30276,1.29361,1.29794,1.30794,1.29586,0.85936,0.86234,0.8577,113.53,113.693,112.712,1.08632,1.09011,1.08548,0.77048,0.77255,0.7692,132.104,132.247,131.022,104.51,104.7,103.64,1.26389,1.26906,1.25916,0.72134,0.73087,0.72057,1.9167,1.9247,1.8775,0.6702,0.6872,0.6682,5228.399902
161,8/12/2016,1.11594,1.12213,1.11316,101.249,102.271,100.831,0.97488,0.97654,0.97085,1.29084,1.30344,1.29088,1.29603,1.29926,1.2925,0.86446,0.86526,0.8584,113.003,114.03,112.734,1.08806,1.0899,1.08556,0.76484,0.77245,0.76468,130.702,132.527,130.378,103.845,104.87,103.62,1.25845,1.26765,1.25775,0.72005,0.72547,0.71861,1.882,1.8895,1.8747,0.6857,0.687,0.6828,5232.890137
162,8/15/2016,1.1184,1.12035,1.11535,101.228,101.455,100.875,0.97245,0.9759,0.97134,1.2876,1.29447,1.28661,1.29158,1.2975,1.29023,0.86836,0.87027,0.86216,113.217,113.294,112.68,1.08786,1.09024,1.08727,0.7675,0.76916,0.76368,130.372,131.209,129.99,104.06,104.14,103.525,1.25256,1.26227,1.24997,0.72104,0.72264,0.71651,1.8771,1.8808,1.8664,0.6847,0.6874,0.6832,5262.02002
163,8/16/2016,1.12753,1.13224,1.11778,100.271,101.291,99.54,0.96224,0.97332,0.95896,1.30366,1.3051,1.2877,1.28522,1.29336,1.27993,0.86497,0.87247,0.8641,113.064,113.29,112.37,1.08507,1.0889,1.0837,0.76974,0.775,0.7654,130.725,130.883,129.256,104.16,104.43,103.237,1.25453,1.25565,1.24504,0.72727,0.73041,0.71992,1.8735,1.8801,1.8729,0.6864,0.6872,0.6859,5227.109863
164,8/17/2016,1.12814,1.1316,1.12417,100.276,101.167,100.044,0.9627,0.96575,0.95972,1.3039,1.30858,1.29786,1.28596,1.29178,1.28313,0.86499,0.86725,0.86288,113.1,113.931,112.82,1.0858,1.08642,1.08358,0.764,0.77085,0.76104,130.773,131.811,130.28,104.149,104.99,103.92,1.2553,1.25689,1.25113,0.72417,0.7322,0.72038,1.8686,1.872,1.8436,0.6861,0.6896,0.6845,5228.660156
165,8/18/2016,1.13541,1.13573,1.12877,99.981,100.497,99.64,0.9539,0.9624,0.95391,1.31631,1.31716,1.3038,1.2769,1.2856,1.27645,0.86256,0.8673,0.859,113.521,113.702,112.66,1.08331,1.08709,1.08318,0.76913,0.77231,0.76498,131.61,132.25,130.04,104.785,104.82,103.7,1.25575,1.2627,1.25169,0.72935,0.73109,0.72515,1.851,1.8525,1.8287,0.6855,0.6929,0.6844,5240.149902
166,8/19/2016,1.13276,1.13601,1.13044,100.141,100.459,99.914,0.95918,0.96109,0.95406,1.3078,1.31854,1.30241,1.28548,1.28916,1.27742,0.86608,0.86917,0.861,113.435,113.877,113.23,1.0866,1.0875,1.0827,0.76239,0.7691,0.75995,130.961,132.018,130.358,104.378,105.132,104.28,1.2544,1.2582,1.24758,0.72743,0.72912,0.72415,1.839,1.8485,1.8351,0.6899,0.6914,0.6835,5238.379883
167,8/22/2016,1.1323,1.13306,1.12714,100.274,100.931,100.215,0.96153,0.96486,0.96004,1.31339,1.31568,1.3035,1.29413,1.29652,1.28744,0.86189,0.86717,0.8609,113.535,114.09,113.411,1.0886,1.0894,1.086,0.76284,0.76397,0.75838,131.67,132.151,131.1,104.275,104.92,104.14,1.26286,1.2649,1.255,0.7272,0.72936,0.72101,1.8419,1.8481,1.8342,0.6881,0.6887,0.684,5244.600098
168,8/23/2016,1.1307,1.13551,1.13041,100.191,100.39,99.946,0.96273,0.96322,0.9594,1.31993,1.32101,1.31293,1.29108,1.29459,1.28596,0.85657,0.8629,0.85631,113.282,113.724,113.228,1.08864,1.09062,1.08772,0.76183,0.76551,0.76158,132.233,132.319,131.464,104.05,104.39,103.99,1.27076,1.27124,1.2629,0.72984,0.73444,0.7274,1.8418,1.8708,1.8348,0.685,0.6857,0.6712,5260.080078
169,8/24/2016,1.12634,1.13115,1.12455,100.436,100.609,100.097,0.96673,0.9684,0.96264,1.32289,1.32725,1.31618,1.29259,1.29576,1.29024,0.8514,0.8579,0.8486,113.12,113.585,112.79,1.0892,1.0899,1.08697,0.76112,0.76339,0.7589,132.866,133.298,131.983,103.852,104.316,103.54,1.27926,1.2833,1.2688,0.7305,0.7335,0.7269,1.8379,1.8451,1.8301,0.6845,0.6872,0.6797,5217.689941
170,8/25/2016,1.12822,1.12976,1.12595,100.531,100.614,100.306,0.9676,0.96886,0.96417,1.31853,1.32637,1.3169,1.29267,1.29394,1.28992,0.85599,0.8567,0.85004,113.424,113.58,113.09,1.09181,1.0924,1.08832,0.76144,0.76388,0.76024,132.548,133.287,132.396,103.87,104.16,103.81,1.27583,1.28179,1.27256,0.73003,0.7336,0.72869,1.839,1.8592,1.8294,0.683,0.6857,0.6763,5212.200195
171,8/26/2016,1.11985,1.13406,1.11808,101.794,101.942,100.066,0.97825,0.97924,0.9632,1.31334,1.32789,1.31219,1.29935,1.30117,1.2832,0.85234,0.8565,0.8518,113.96,114.133,113.157,1.0953,1.09584,1.0899,0.75649,0.7692,0.75516,133.67,133.869,132.395,104.05,104.29,103.444,1.2844,1.2855,1.27495,0.72339,0.73802,0.72217,1.8558,1.8644,1.8481,0.6788,0.6794,0.673,5218.919922
172,8/29/2016,1.11867,1.1208,1.11584,101.967,102.391,101.84,0.9779,0.98064,0.9765,1.3109,1.3228,1.306,1.30148,1.30475,1.29765,0.8531,0.8555,0.85206,114.067,114.69,113.97,1.09419,1.09546,1.09267,0.75762,0.75812,0.75254,133.668,134.39,133.435,104.217,104.81,104.07,1.2819,1.28463,1.27916,0.72589,0.72641,0.72111,1.8577,1.8772,1.8538,0.6749,0.6754,0.6643,5232.330078
173,8/30/2016,1.11403,1.11922,1.11324,103.032,103.134,101.754,0.98406,0.98445,0.9776,1.30758,1.31197,1.306,1.30942,1.30946,1.30106,0.85193,0.8552,0.8497,114.778,114.94,113.86,1.09631,1.0965,1.09337,0.75044,0.75796,0.75008,134.717,134.871,133.36,104.688,104.91,104.03,1.28653,1.2884,1.27926,0.72132,0.72649,0.72048,1.8744,1.8859,1.8642,0.6659,0.6674,0.6591,5222.990234
174,8/31/2016,1.11588,1.11653,1.11236,103.429,103.531,102.865,0.98331,0.9863,0.98181,1.3128,1.3158,1.3067,1.3108,1.31453,1.30804,0.84999,0.8526,0.84736,115.419,115.422,114.694,1.0973,1.0974,1.09375,0.7518,0.75331,0.74908,135.784,135.867,134.618,105.175,105.34,104.58,1.29091,1.29428,1.28538,0.72587,0.72655,0.72206,1.8695,1.8754,1.8605,0.6627,0.6658,0.6587,5213.220215
175,9/1/2016,1.11972,1.1205,1.11277,103.276,104,103.063,0.9796,0.98847,0.97856,1.32661,1.33177,1.3129,1.30951,1.31479,1.30832,0.84398,0.8501,0.83883,115.643,115.824,115.035,1.09692,1.1001,1.09568,0.75513,0.75587,0.75049,137.005,138.029,135.418,105.416,105.551,104.67,1.29954,1.30833,1.29138,0.72777,0.72949,0.72277,1.8734,1.8807,1.8496,0.6596,0.669,0.6573,5227.209961
176,9/2/2016,1.11602,1.12521,1.11506,103.953,104.318,102.807,0.98012,0.98192,0.97398,1.32953,1.33523,1.3253,1.29928,1.31143,1.2983,0.8393,0.84457,0.8376,116.006,116.37,115.517,1.09386,1.09819,1.09359,0.7569,0.76158,0.75364,138.205,138.829,136.924,106.053,106.31,105.28,1.30311,1.30699,1.29762,0.72942,0.73602,0.72685,1.8582,1.8794,1.854,0.6666,0.668,0.6613,5249.899902
177,9/5/2016,1.11467,1.1183,1.11396,103.368,104.133,103.149,0.9799,0.9814,0.97728,1.33136,1.33751,1.32888,1.29152,1.29975,1.2907,0.83724,0.8407,0.8352,115.228,116.147,115.13,1.0925,1.09411,1.09236,0.75819,0.76073,0.75633,137.6,138.5,137.343,105.456,106.25,105.36,1.3049,1.30852,1.30054,0.7303,0.73435,0.72793,1.8765,1.8894,1.8682,0.6629,0.67,0.6592,NA
178,9/6/2016,1.1257,1.12629,1.11411,102.057,103.806,101.936,0.96984,0.98105,0.96936,1.3433,1.34444,1.3297,1.28352,1.2933,1.28276,0.83794,0.8384,0.83338,114.884,115.7,114.755,1.0918,1.0947,1.0916,0.76804,0.76844,0.75837,137.092,138.317,136.974,105.21,105.823,104.95,1.30294,1.31208,1.30256,0.74167,0.74219,0.73022,1.8752,1.8791,1.8499,0.6677,0.6744,0.6664,5275.910156
179,9/7/2016,1.1244,1.12717,1.1229,101.753,102.127,101.206,0.9697,0.97092,0.96697,1.33364,1.34291,1.33199,1.28999,1.29138,1.28232,0.843,0.84351,0.83752,114.412,114.91,113.824,1.0902,1.09184,1.08884,0.76714,0.76975,0.76518,135.701,137.118,135.408,104.93,105.28,104.346,1.29323,1.30305,1.29226,0.74473,0.74855,0.73975,1.855,1.8777,1.8476,0.6735,0.6766,0.6675,5283.930176
180,9/8/2016,1.1254,1.13273,1.12346,102.53,102.591,101.416,0.9727,0.9738,0.96501,1.3295,1.33751,1.32841,1.29198,1.29353,1.28516,0.8464,0.84947,0.8422,115.393,115.424,114.14,1.09498,1.09547,1.08959,0.76407,0.7732,0.76389,136.326,136.427,135.026,105.375,105.41,104.724,1.29362,1.29518,1.28647,0.73899,0.74822,0.73845,1.8754,1.879,1.8623,0.6729,0.6775,0.672,5259.47998
181,9/9/2016,1.12268,1.1285,1.11984,102.703,103.054,101.968,0.9752,0.9785,0.9708,1.32741,1.3336,1.32398,1.30272,1.30528,1.29112,0.84574,0.84841,0.844,115.302,115.943,115.026,1.09516,1.0976,1.09478,0.75549,0.76568,0.75442,136.335,137.134,135.749,105.282,105.72,104.86,1.29475,1.2987,1.29275,0.73374,0.74133,0.73151,1.8746,1.8883,1.8718,0.6765,0.6796,0.6736,5125.910156
182,9/12/2016,1.1234,1.12683,1.12105,101.834,102.775,101.575,0.97219,0.97629,0.96908,1.33353,1.3347,1.32358,1.30511,1.31232,1.3024,0.84236,0.8484,0.84241,114.4,115.474,114.21,1.09218,1.0975,1.09166,0.75614,0.75665,0.74943,135.77,136.48,135.094,104.736,105.38,104.48,1.29646,1.29707,1.29184,0.7349,0.73566,0.72917,1.886,1.9016,1.8799,0.6755,0.6779,0.6704,5211.890137
183,9/13/2016,1.12125,1.12603,1.12041,102.702,102.747,101.424,0.97722,0.97844,0.97074,1.31869,1.334,1.31678,1.31653,1.31899,1.30304,0.85001,0.85341,0.84208,115.12,115.31,113.936,1.09572,1.09682,1.0912,0.74615,0.75678,0.74426,135.454,136.074,134.486,105.08,105.33,104.355,1.28874,1.29667,1.28193,0.72459,0.7364,0.72356,1.8891,1.8916,1.8757,0.674,0.6759,0.6709,5155.25
184,9/14/2016,1.12471,1.1274,1.12138,102.337,103.356,102.25,0.97327,0.97896,0.97068,1.3235,1.32397,1.31388,1.31968,1.32085,1.31285,0.84972,0.8545,0.8483,115.104,116.081,114.92,1.0949,1.09843,1.09385,0.74684,0.7496,0.74513,135.44,136.621,134.926,105.11,105.82,104.85,1.28834,1.29413,1.28101,0.72796,0.73128,0.72384,1.8839,1.8862,1.8727,0.6724,0.6754,0.6705,5173.77002
185,9/15/2016,1.12426,1.1284,1.12194,102.213,102.754,101.939,0.97169,0.9768,0.96958,1.3237,1.3279,1.318,1.31565,1.32356,1.31313,0.84925,0.8539,0.84684,114.913,115.46,114.649,1.0924,1.0964,1.09216,0.75136,0.75224,0.74466,135.289,136.134,134.67,105.17,105.561,104.78,1.2862,1.29234,1.28159,0.7314,0.73245,0.72417,1.8798,1.8859,1.8715,0.6739,0.6745,0.6696,5249.689941
186,9/16/2016,1.11532,1.12501,1.11496,102.369,102.46,101.741,0.98066,0.9818,0.97122,1.30171,1.3248,1.3,1.3208,1.32478,1.31428,0.85677,0.85783,0.84868,114.18,114.86,113.96,1.09384,1.09562,1.09213,0.74876,0.75266,0.74756,133.263,135.245,133.156,104.365,105.121,104.23,1.27642,1.28736,1.27537,0.72666,0.73306,0.72543,1.8742,1.8779,1.8579,0.6735,0.6823,0.6718,5244.569824
187,9/19/2016,1.11791,1.11977,1.11508,101.797,102.416,101.585,0.97968,0.98246,0.97837,1.30361,1.30911,1.2999,1.32035,1.32244,1.31359,0.85751,0.85812,0.8534,113.77,114.285,113.46,1.0951,1.096,1.0928,0.7536,0.75728,0.7477,132.703,133.475,132.452,103.87,104.53,103.66,1.27734,1.283,1.27386,0.72975,0.73254,0.72564,1.8641,1.8995,1.8598,0.6795,0.6805,0.6728,5235.029785
188,9/20/2016,1.11565,1.12135,1.11554,101.758,102.062,101.538,0.97853,0.98104,0.9762,1.29838,1.30646,1.2947,1.32071,1.32428,1.31903,0.85922,0.86312,0.85632,113.52,114.025,113.51,1.09204,1.0964,1.09213,0.7551,0.75648,0.75307,132.123,133.102,131.659,103.93,104.26,103.69,1.2706,1.27944,1.26669,0.73169,0.73582,0.72963,1.8958,1.9089,1.8873,0.6742,0.6782,0.6707,5241.350098
189,9/21/2016,1.11827,1.11966,1.1123,100.467,102.785,100.359,0.97419,0.9815,0.97212,1.30213,1.3044,1.29461,1.31163,1.32376,1.31135,0.85877,0.86076,0.8566,112.355,114.393,112.086,1.08953,1.0925,1.08755,0.76166,0.7622,0.75349,130.815,133.259,130.421,103.117,104.76,102.898,1.26865,1.27333,1.26449,0.7346,0.73654,0.72788,1.9044,1.9086,1.8861,0.6746,0.6784,0.6731,5295.180176
190,9/22/2016,1.1202,1.12573,1.118,100.878,100.919,100.103,0.96959,0.9741,0.966,1.30743,1.31207,1.3029,1.3064,1.30962,1.30005,0.8569,0.86106,0.85623,113.028,113.5,112.093,1.08637,1.09084,1.08608,0.76304,0.7675,0.76262,131.891,132.264,130.564,104.01,104.37,102.88,1.26767,1.27067,1.26167,0.7294,0.7369,0.7293,1.8925,1.9008,1.8639,0.6759,0.6798,0.6714,5339.52002
191,9/23/2016,1.12321,1.12404,1.1194,101.048,101.243,100.679,0.96926,0.97424,0.96871,1.29685,1.3088,1.2915,1.31677,1.31809,1.30302,0.86604,0.86791,0.85636,113.496,113.62,112.89,1.08875,1.0914,1.08567,0.76164,0.76532,0.76091,131.047,132.281,130.46,104.23,104.4,103.7,1.25706,1.26829,1.255,0.72418,0.7315,0.72244,1.8881,1.9014,1.8846,0.6727,0.6747,0.6688,5305.75
192,9/26/2016,1.12572,1.1279,1.12215,100.264,101.088,100.252,0.9683,0.97089,0.96616,1.29708,1.2987,1.29169,1.32341,1.32369,1.31369,0.8677,0.87164,0.86471,112.87,113.516,112.82,1.0902,1.0912,1.0878,0.76351,0.76494,0.76031,130.069,131.229,129.707,103.5,104.247,103.48,1.2561,1.2597,1.25054,0.72726,0.7287,0.72223,1.898,1.9109,1.8943,0.6713,0.6784,0.6697,5257.490234
193,9/27/2016,1.12183,1.12589,1.11912,100.349,100.986,100.09,0.97065,0.97286,0.96616,1.30099,1.30264,1.2937,1.32149,1.32805,1.31642,0.86222,0.86934,0.86102,112.581,113.575,112.249,1.08903,1.0912,1.08703,0.76628,0.7696,0.76116,130.561,131.212,129.649,103.36,104.15,103.179,1.26282,1.26491,1.25325,0.72985,0.73301,0.72605,1.9024,1.911,1.8931,0.6768,0.6805,0.6743,5305.709961
194,9/28/2016,1.12113,1.12368,1.11821,100.635,100.816,100.26,0.9713,0.97365,0.9692,1.30126,1.30318,1.29801,1.31241,1.32693,1.30869,0.86151,0.86405,0.85899,112.826,113.099,112.47,1.08917,1.09003,1.08755,0.76793,0.76908,0.76451,130.954,131.278,130.47,103.571,103.8,103.25,1.2639,1.2673,1.26091,0.72703,0.73048,0.72333,1.9009,1.9182,1.8932,0.6781,0.6794,0.6651,5318.549805
195,9/29/2016,1.12172,1.12498,1.11972,101.023,101.84,100.701,0.96629,0.97234,0.96404,1.29712,1.30583,1.2955,1.3157,1.31841,1.3049,0.86467,0.86686,0.85942,113.322,114.188,112.95,1.08394,1.09085,1.08332,0.76354,0.771,0.76237,131.047,132.434,130.691,104.533,105.25,103.67,1.25328,1.26762,1.2526,0.72538,0.7303,0.7237,1.9164,1.9248,1.8877,0.6665,0.6915,0.6622,5269.149902
196,9/30/2016,1.12332,1.12506,1.11535,101.38,101.78,100.749,0.97157,0.98098,0.96483,1.29714,1.30226,1.29374,1.31232,1.3195,1.30868,0.86596,0.86631,0.8604,113.889,114.123,112.604,1.09143,1.0917,1.08115,0.76576,0.76713,0.75899,131.512,131.953,130.436,104.34,105.29,103.679,1.2603,1.26505,1.25074,0.72858,0.72979,0.72294,1.8996,1.9157,1.8874,0.6803,0.6852,0.6739,5312
197,10/3/2016,1.12146,1.12436,1.12054,101.555,101.667,101.215,0.97305,0.97443,0.9704,1.28527,1.29463,1.28178,1.31032,1.31442,1.30684,0.87248,0.8747,0.86776,113.887,114.139,113.64,1.09138,1.0929,1.09015,0.76751,0.76814,0.76409,130.528,131.505,130.087,104.347,104.54,104.1,1.25083,1.25904,1.24752,0.72709,0.72904,0.7254,1.9104,1.9239,1.8999,0.6757,0.6789,0.6711,5300.870117
198,10/4/2016,1.11976,1.12387,1.11382,102.762,102.966,101.612,0.97972,0.98288,0.97295,1.27348,1.28603,1.27196,1.3198,1.32154,1.31117,0.87927,0.88012,0.87088,115.063,115.379,113.929,1.09718,1.0975,1.09111,0.76171,0.76908,0.76085,130.867,131.35,130.315,104.87,105.35,104.33,1.24772,1.25362,1.2432,0.72053,0.73105,0.71986,1.9103,1.9217,1.8992,0.6781,0.6805,0.6721,5289.660156
199,10/5/2016,1.12112,1.12332,1.11897,103.608,103.666,102.676,0.9736,0.97923,0.97338,1.27502,1.27713,1.2686,1.31723,1.32318,1.31614,0.87924,0.8843,0.8776,116.155,116.252,115.12,1.09178,1.09752,1.09149,0.7615,0.76445,0.75932,132.102,132.31,130.513,106.39,106.45,104.95,1.24164,1.2472,1.2406,0.71674,0.72002,0.7149,1.9117,1.9307,1.9041,0.6764,0.6787,0.6695,5316.02002
200,10/6/2016,1.1144,1.12123,1.114,104.086,104.16,103.352,0.9813,0.98185,0.97369,1.261,1.27597,1.26026,1.3215,1.32487,1.31776,0.8835,0.8851,0.87857,115.97,116.28,115.726,1.0935,1.09491,1.09149,0.75799,0.76221,0.75626,131.287,132.066,131.151,106.015,106.353,105.75,1.23773,1.24472,1.23558,0.71546,0.71747,0.71357,1.9284,1.9341,1.9141,0.6709,0.6751,0.6692,5306.850098
201,10/7/2016,1.1191,1.1205,1.11047,102.947,103.999,102.864,0.97785,0.98392,0.97677,1.2439,1.2621,1.18067,1.32708,1.33131,1.31869,0.89962,0.94526,0.8831,115.217,115.97,115.053,1.09432,1.09573,1.09106,0.7584,0.76243,0.75536,128.058,131.241,123.472,105.273,106.05,105.13,1.21632,1.2381,1.15703,0.71557,0.72001,0.71102,1.9301,1.948,1.9253,0.6712,0.672,0.6583,5292.399902
202,10/10/2016,1.1133,1.1203,1.11336,103.644,103.786,102.81,0.98268,0.98389,0.97729,1.2351,1.2444,1.23456,1.31718,1.3278,1.31397,0.90131,0.904,0.8979,115.403,115.73,115.07,1.09434,1.09723,1.09351,0.76037,0.76288,0.7579,128.029,128.606,127.492,105.43,105.67,105.12,1.21407,1.21987,1.21011,0.71294,0.71852,0.71226,1.9441,1.9607,1.9376,0.6603,0.6622,0.6527,5328.669922
203,10/11/2016,1.1054,1.11421,1.10492,103.422,104.07,103.17,0.9883,0.98932,0.98218,1.21255,1.23652,1.20902,1.32538,1.32726,1.31644,0.91151,0.91413,0.8996,114.327,115.789,114.018,1.09281,1.09584,1.0922,0.75387,0.76099,0.75337,125.412,128.367,124.845,104.607,105.77,104.32,1.19871,1.21569,1.19571,0.70552,0.71418,0.70478,1.9485,1.9531,1.9335,0.6568,0.6593,0.6497,5246.790039
204,10/12/2016,1.1014,1.10676,1.10047,104.225,104.482,103.283,0.98999,0.99095,0.98749,1.22136,1.2326,1.21171,1.32499,1.32873,1.32096,0.90189,0.91233,0.89676,114.803,115.169,114.044,1.09048,1.093,1.08928,0.75671,0.75922,0.75366,127.299,127.705,125.489,105.272,105.623,104.52,1.20911,1.21796,1.19791,0.70736,0.70943,0.70451,1.9452,1.9493,1.9249,0.6521,0.6593,0.6509,5239.02002
205,10/13/2016,1.1049,1.10556,1.09857,103.618,104.635,103.339,0.98665,0.99093,0.98597,1.22504,1.22722,1.21335,1.3197,1.33066,1.31862,0.902,0.907,0.90007,114.491,115.146,113.92,1.0904,1.09108,1.08702,0.7568,0.75816,0.7507,126.937,127.472,125.934,104.98,105.599,104.55,1.2085,1.21083,1.1996,0.70914,0.71018,0.70352,1.9299,1.9467,1.9271,0.6563,0.6572,0.6489,5213.330078
206,10/14/2016,1.0981,1.10577,1.09781,104.215,104.478,103.615,0.9901,0.99042,0.98565,1.21813,1.2262,1.21686,1.31306,1.32196,1.31038,0.90139,0.9047,0.89751,114.437,115.05,114.217,1.08748,1.0906,1.0868,0.76104,0.76474,0.75566,126.949,127.927,126.693,105.223,105.67,105,1.20655,1.21329,1.2035,0.7089,0.71329,0.7078,1.9351,1.952,1.9274,0.6535,0.6554,0.6487,5214.160156
207,10/17/2016,1.10001,1.1008,1.09643,103.84,104.37,103.793,0.98825,0.9909,0.98719,1.21895,1.2202,1.21366,1.31267,1.31828,1.31124,0.90237,0.90577,0.90024,114.217,114.574,114.036,1.08733,1.0886,1.08616,0.76251,0.76302,0.75816,126.572,127.087,126.284,105.04,105.457,104.98,1.20511,1.20716,1.2006,0.71295,0.7141,0.70784,1.9467,1.9607,1.9392,0.6536,0.6599,0.6526,5199.819824
208,10/18/2016,1.09804,1.10262,1.09704,103.828,104.199,103.68,0.98954,0.99143,0.98675,1.22891,1.2325,1.21829,1.31199,1.31394,1.30553,0.89338,0.9032,0.8914,114.019,114.68,114.007,1.08665,1.0895,1.08665,0.76647,0.76894,0.76258,127.602,128.147,126.482,104.89,105.411,104.837,1.21611,1.22011,1.2045,0.7191,0.7221,0.7161,1.9579,2.0146,1.9484,0.6552,0.6583,0.641,5243.839844
209,10/19/2016,1.09687,1.10046,1.0955,103.471,103.947,103.17,0.98941,0.9906,0.98755,1.22742,1.23322,1.22545,1.3127,1.31413,1.30061,0.89351,0.89572,0.89006,113.493,114.17,113.124,1.08526,1.0881,1.0846,0.77211,0.77291,0.76596,127.011,127.888,126.611,104.556,105.02,104.27,1.21451,1.21933,1.21252,0.7229,0.72488,0.71921,2.0148,2.0191,1.9992,0.6422,0.6454,0.6368,5246.410156
210,10/20/2016,1.09266,1.10393,1.09161,103.947,104.103,103.349,0.99268,0.99329,0.98436,1.22459,1.2299,1.22108,1.32251,1.32276,1.31201,0.8922,0.90263,0.89106,113.589,114.517,113.375,1.08472,1.08722,1.08336,0.76222,0.77343,0.76218,127.304,127.584,126.605,104.69,105.37,104.45,1.21566,1.2176,1.20404,0.71946,0.72658,0.71823,2.0031,2.013,1.9875,0.6443,0.6465,0.64,5241.830078
211,10/21/2016,1.08724,1.093,1.08597,103.838,104.204,103.526,0.99387,0.99618,0.99246,1.2224,1.226,1.21718,1.33366,1.33547,1.32257,0.88942,0.89401,0.88812,112.906,113.846,112.614,1.08085,1.08549,1.08076,0.76004,0.76508,0.75877,126.933,127.679,126.134,104.437,104.928,104.016,1.21507,1.21883,1.21096,0.71565,0.71944,0.71442,1.9897,2.0187,1.9866,0.6457,0.6464,0.6336,5257.399902
212,10/24/2016,1.08743,1.08994,1.08598,104.236,104.32,103.726,0.9941,0.99564,0.99161,1.22212,1.22493,1.21865,1.33849,1.33975,1.33252,0.88971,0.89263,0.8889,113.335,113.6,112.835,1.0806,1.083,1.07974,0.7598,0.7641,0.75917,127.38,127.447,126.632,104.85,105.13,104.35,1.21502,1.21762,1.21009,0.7129,0.71761,0.71251,2.0115,2.0287,2.0025,0.6382,0.6437,0.6345,5309.830078
213,10/25/2016,1.08881,1.09048,1.08513,104.178,104.873,104.116,0.99408,0.99988,0.9932,1.21925,1.22433,1.2083,1.33495,1.33711,1.33078,0.89287,0.89806,0.88893,113.439,113.906,113.348,1.08263,1.08634,1.08059,0.76466,0.76548,0.75892,127.02,127.942,126.613,104.77,105.18,104.608,1.21227,1.2215,1.20631,0.71643,0.71727,0.711,2.0223,2.0425,2.0164,0.6399,0.6422,0.6309,5283.399902
214,10/26/2016,1.09064,1.09463,1.08748,104.506,104.617,104.024,0.99348,0.99585,0.99038,1.22359,1.22443,1.21571,1.33752,1.33802,1.33148,0.89142,0.8965,0.89131,113.983,114.195,113.27,1.0837,1.0844,1.0817,0.76414,0.77088,0.76297,127.858,127.947,126.652,105.177,105.35,104.62,1.2151,1.2159,1.20856,0.71529,0.7184,0.71475,2.0415,2.0537,2.0286,0.6311,0.6338,0.6261,5250.27002
215,10/27/2016,1.09015,1.0942,1.08828,105.222,105.348,104.299,0.99346,0.99509,0.99123,1.21669,1.22715,1.21495,1.33928,1.3407,1.33528,0.89599,0.898,0.8894,114.725,114.861,113.713,1.08326,1.08481,1.08268,0.75848,0.76521,0.7582,128.03,128.42,127.435,105.88,106.007,104.941,1.20878,1.21833,1.20798,0.71173,0.7167,0.71087,2.0364,2.0648,2.0304,0.6278,0.6332,0.6152,5215.970215
216,10/28/2016,1.0976,1.09917,1.08935,104.763,105.532,104.467,0.98796,0.99561,0.98587,1.2182,1.22122,1.21146,1.33895,1.34336,1.3353,0.90095,0.9013,0.89461,114.985,115.326,114.593,1.0844,1.0864,1.0827,0.75941,0.76077,0.75581,127.624,128.284,127.446,106.025,106.3,105.75,1.20354,1.2109,1.20293,0.71543,0.71593,0.71139,2.0465,2.055,2.0309,0.6285,0.6375,0.6221,5190.100098
217,10/31/2016,1.09763,1.09916,1.09359,104.845,105.232,104.353,0.98916,0.99074,0.98716,1.2234,1.22468,1.21442,1.34162,1.34274,1.33756,0.89711,0.90414,0.89546,115.095,115.265,114.67,1.08583,1.0862,1.0818,0.76053,0.76189,0.75836,128.285,128.52,126.81,105.969,106.33,105.718,1.21,1.21272,1.20046,0.71474,0.71663,0.71381,2.0467,2.0671,2.0347,0.6261,0.6336,0.6189,5189.140137
218,11/1/2016,1.10579,1.1069,1.09603,104.092,105.12,103.8,0.97463,0.9901,0.97287,1.2236,1.22804,1.2206,1.3389,1.34258,1.33538,0.90365,0.90444,0.89481,115.106,115.676,114.82,1.07817,1.0858,1.0762,0.76473,0.76888,0.75985,127.37,129.029,127.14,106.754,107,105.82,1.19298,1.21302,1.19135,0.7167,0.7191,0.7149,2.0364,2.0522,2.0262,0.6329,0.6395,0.6308,5153.580078
219,11/2/2016,1.1088,1.1123,1.10499,103.435,104.164,103.022,0.97345,0.9754,0.96955,1.2289,1.2354,1.22212,1.33926,1.34234,1.33598,0.9021,0.90491,0.89807,114.718,115.13,114.36,1.07962,1.0806,1.07546,0.76578,0.76783,0.76131,127.133,127.498,126.738,106.26,106.836,106.05,1.196,1.19982,1.19006,0.7288,0.73101,0.7201,2.0508,2.0561,2.0171,0.6337,0.6448,0.6326,5105.569824
220,11/3/2016,1.11097,1.11257,1.106,102.946,103.44,102.552,0.9735,0.97601,0.9695,1.24575,1.24945,1.2298,1.3377,1.34025,1.33622,0.89169,0.9024,0.88598,114.37,114.766,114.02,1.0816,1.0824,1.07734,0.7681,0.76875,0.76373,128.256,128.912,126.505,105.728,106.37,105.64,1.21295,1.21685,1.19572,0.7326,0.73383,0.72791,2.0263,2.04,2.0131,0.6424,0.6487,0.6408,5058.410156
221,11/4/2016,1.11222,1.1127,1.10803,103.072,103.353,102.836,0.96949,0.97579,0.96816,1.25148,1.25572,1.245,1.34054,1.34653,1.33869,0.88856,0.8918,0.88574,114.639,114.78,114.14,1.07839,1.0827,1.07654,0.76757,0.7697,0.76524,128.991,129.45,128.281,106.29,106.54,105.553,1.21338,1.21703,1.21202,0.73255,0.73385,0.72996,2.0373,2.0577,2.0306,0.6456,0.6486,0.6388,5046.370117
222,11/7/2016,1.10461,1.11162,1.10275,104.469,104.63,103.109,0.97385,0.97893,0.96869,1.2407,1.25165,1.23795,1.33647,1.34172,1.33102,0.89025,0.8938,0.88679,115.405,115.906,114.85,1.07574,1.083,1.07558,0.77151,0.77187,0.76606,129.622,130.239,129.04,107.3,107.33,106.26,1.2082,1.21788,1.20812,0.73234,0.73543,0.72934,2.0473,2.0492,2.0223,0.6446,0.6542,0.6433,5166.169922
223,11/8/2016,1.10234,1.1067,1.10091,105.089,105.19,104.299,0.97708,0.97894,0.97357,1.23883,1.244,1.23618,1.33054,1.33908,1.33058,0.88977,0.89328,0.88848,115.839,116.005,115.121,1.07706,1.0788,1.0751,0.77665,0.77673,0.76892,130.186,130.352,129.28,107.539,107.72,106.965,1.21041,1.2131,1.20622,0.73954,0.73959,0.73183,2.0293,2.0359,2.0069,0.6532,0.6548,0.6472,5193.490234
224,11/9/2016,1.09225,1.12993,1.09203,105.822,105.874,101.199,0.9839,0.9844,0.95505,1.24354,1.2547,1.23543,1.33687,1.35248,1.32654,0.87827,0.9027,0.87633,115.585,116.021,113.73,1.07474,1.0831,1.0741,0.76608,0.77717,0.75795,131.594,131.716,126.746,107.52,107.747,105.62,1.22353,1.22689,1.1964,0.73443,0.73927,0.72653,2.0111,2.0311,1.9982,0.6538,0.656,0.6462,5251.069824
225,11/10/2016,1.08913,1.09535,1.08652,106.897,106.944,104.97,0.98686,0.98964,0.98212,1.2558,1.25846,1.2378,1.3476,1.35089,1.3387,0.8671,0.8825,0.86626,116.438,116.574,114.973,1.07493,1.07782,1.0738,0.76097,0.7742,0.75683,134.263,134.323,130.306,108.319,108.36,106.887,1.23944,1.24172,1.2186,0.72035,0.73065,0.71771,2.0271,2.0337,2.0116,0.6477,0.6534,0.6421,5208.799805
226,11/11/2016,1.08434,1.09232,1.08306,106.768,106.931,106.035,0.98841,0.98928,0.98323,1.26017,1.26735,1.2526,1.35287,1.35466,1.34563,0.86039,0.8691,0.85673,115.772,116.49,115.31,1.07204,1.0761,1.0706,0.75439,0.76294,0.75256,134.551,134.914,133.446,107.981,108.39,107.46,1.24583,1.25144,1.23706,0.71232,0.72283,0.71136,2.0258,2.052,2.0131,0.645,0.6517,0.641,5237.109863
227,11/14/2016,1.0739,1.08413,1.07094,108.39,108.542,106.744,0.99789,1.00019,0.98845,1.2492,1.25926,1.24447,1.35554,1.3589,1.34968,0.85961,0.8636,0.85815,116.4,116.462,115.56,1.07163,1.0748,1.0688,0.7547,0.75654,0.75241,135.404,135.59,134.185,108.613,108.76,107.87,1.24659,1.2516,1.23919,0.70991,0.7141,0.707,2.0488,2.0543,2.0328,0.6443,0.6481,0.6363,5218.399902
228,11/15/2016,1.07187,1.08164,1.07145,109.277,109.336,107.774,1.00202,1.00244,0.99296,1.24501,1.2529,1.238,1.34662,1.35618,1.34498,0.8609,0.8707,0.85692,117.131,117.186,116.094,1.07404,1.0759,1.0709,0.75539,0.75809,0.75119,136.047,136.562,134.2,109.049,109.13,108.29,1.2475,1.25342,1.23386,0.70903,0.71442,0.70715,2.0488,2.0507,2.0324,0.6411,0.6505,0.6397,5275.620117
229,11/16/2016,1.0681,1.07594,1.06665,109.164,109.755,108.798,1.0024,1.00577,0.99844,1.24366,1.25023,1.24101,1.34351,1.35059,1.34051,0.85873,0.86266,0.8572,116.598,117.483,116.56,1.0707,1.0755,1.0705,0.74736,0.75709,0.74608,135.763,136.763,135.656,108.898,109.42,108.73,1.24661,1.25202,1.24562,0.7066,0.7114,0.70361,2.0372,2.0447,2.0208,0.6485,0.6523,0.6427,5294.580078
230,11/17/2016,1.06223,1.07454,1.06205,109.961,109.977,108.558,1.007,1.0074,0.9994,1.2415,1.25047,1.24088,1.35126,1.35135,1.34002,0.85553,0.86248,0.8548,116.817,117.22,116.263,1.06977,1.0742,1.06956,0.7411,0.75013,0.73971,136.54,136.648,134.99,109.174,109.301,108.44,1.2503,1.25215,1.24251,0.70297,0.711,0.7014,2.032,2.0608,2.0237,0.6436,0.6473,0.6293,5333.970215
231,11/18/2016,1.05934,1.06429,1.05694,110.706,110.924,109.805,1.01016,1.01232,1.00605,1.23652,1.24363,1.23028,1.35088,1.35641,1.34931,0.85671,0.8636,0.8527,117.286,117.47,116.757,1.0702,1.07195,1.0687,0.73385,0.74179,0.73308,136.902,137.582,135.421,109.56,109.83,109.06,1.24919,1.25624,1.24005,0.7017,0.70604,0.7001,2.0544,2.0768,2.044,0.6342,0.6366,0.6225,5321.509766
232,11/21/2016,1.06182,1.06491,1.05792,111.087,111.362,110.474,1.0094,1.01166,1.00752,1.24899,1.25114,1.2312,1.342,1.35131,1.33868,0.84999,0.86384,0.8489,117.966,117.983,117.325,1.07217,1.0741,1.06972,0.73621,0.7382,0.73114,138.76,138.836,136.299,110.021,110.097,109.476,1.26121,1.26216,1.24289,0.70537,0.7077,0.69849,2.0491,2.0837,2.0389,0.6332,0.641,0.6267,5368.859863
233,11/22/2016,1.06252,1.06578,1.05839,111.111,111.354,110.275,1.0114,1.01342,1.00686,1.24187,1.2513,1.23843,1.34443,1.34672,1.33784,0.85545,0.85717,0.84957,118.058,118.15,117.395,1.07466,1.0747,1.0716,0.73986,0.74133,0.7359,137.996,138.841,137.64,109.851,110.06,109.478,1.25599,1.26253,1.25283,0.70528,0.70854,0.70323,2.0746,2.0879,2.0602,0.6303,0.6363,0.6241,5386.350098
234,11/23/2016,1.05546,1.06434,1.05264,112.547,112.973,110.857,1.01669,1.01821,1.0092,1.2441,1.24687,1.23609,1.34868,1.35167,1.34244,0.84699,0.85941,0.84655,118.791,118.988,117.719,1.07308,1.07525,1.07125,0.73877,0.74449,0.7373,140.037,140.344,137.284,110.7,111.02,109.66,1.26481,1.26753,1.24871,0.70049,0.70795,0.69948,2.0755,2.0922,2.0577,0.6292,0.6452,0.6216,5380.680176
235,11/24/2016,1.05691,1.05853,1.05184,113.161,113.53,112.388,1.01555,1.01916,1.01458,1.246,1.2495,1.24024,1.34927,1.35352,1.3477,0.84803,0.8503,0.846,119.61,119.708,118.51,1.07336,1.0745,1.0716,0.74089,0.74182,0.73645,141.02,141.286,139.61,111.428,111.54,110.47,1.2654,1.26902,1.26253,0.7002,0.7014,0.69721,2.0636,2.0859,2.0574,0.6428,0.6444,0.6316,NA
236,11/25/2016,1.05922,1.06275,1.05388,113.205,113.896,112.561,1.01407,1.0187,1.01055,1.2456,1.24732,1.24167,1.35183,1.35212,1.34544,0.85032,0.8545,0.84699,119.909,120.164,119.317,1.07411,1.07546,1.07271,0.74259,0.7468,0.74009,141.008,141.738,139.982,111.63,111.93,111.09,1.26309,1.26741,1.25672,0.70388,0.70621,0.69846,2.071,2.0783,2.0466,0.6396,0.6521,0.6377,5398.919922
237,11/28/2016,1.0596,1.06854,1.05637,112.253,113.009,111.363,1.01411,1.01678,1.00795,1.24086,1.25314,1.23866,1.3425,1.35371,1.3397,0.85379,0.85665,0.84984,118.942,119.96,118.709,1.07455,1.07699,1.0736,0.74728,0.7494,0.74335,139.288,141.26,139.045,110.66,111.65,110.46,1.25836,1.26433,1.25468,0.70674,0.7102,0.70338,2.0679,2.0932,2.0501,0.6435,0.6478,0.6364,5368.810059
238,11/29/2016,1.06418,1.06495,1.05652,112.407,113.34,111.628,1.01208,1.01763,1.0111,1.24916,1.25257,1.2389,1.3426,1.34808,1.34008,0.8517,0.8561,0.8467,119.622,119.971,118.562,1.07708,1.0772,1.0741,0.7481,0.74972,0.74327,140.431,141.371,138.532,111.03,111.52,110.27,1.26445,1.26976,1.25594,0.71249,0.71322,0.70665,2.0787,2.0985,2.0713,0.6442,0.6474,0.6314,5379.919922
239,11/30/2016,1.05986,1.06665,1.05529,114.299,114.538,112.061,1.016,1.02049,1.01076,1.2505,1.25155,1.24195,1.34277,1.34636,1.33572,0.84709,0.858,0.84563,121.143,121.198,119.462,1.077,1.0817,1.0765,0.7385,0.74969,0.73745,142.954,143.013,139.998,112.43,112.5,110.866,1.2711,1.27502,1.25936,0.70821,0.71695,0.70708,2.0882,2.0911,2.065,0.6361,0.6509,0.6356,5323.680176
240,12/1/2016,1.06482,1.06595,1.05848,114.063,114.824,113.838,1.01139,1.0181,1.01054,1.25762,1.26957,1.2501,1.33244,1.34393,1.33012,0.84657,0.84853,0.8369,121.452,121.8,120.855,1.07695,1.0786,1.07494,0.74143,0.74199,0.73702,143.441,145.191,142.657,112.78,113.2,112.165,1.27203,1.28679,1.26948,0.7075,0.71049,0.70431,2.0848,2.0912,2.0633,0.6412,0.6576,0.6389,5251.109863
